page	line	occurrence	token	token_start	token_end	marked_index	current_context	reviewed_token	mark_on	status
bnf-f0039	c1-l002	1	não	0	3	1	não	não	a	batch_review_unverified
bnf-f0039	c1-l002	2	não	19	22	1	não	não	a	batch_review_unverified
bnf-f0039	c1-l009	1	não	33	36	1	não	não	a	batch_review_unverified
bnf-f0039	c1-l011	1	hũa	42	45	1	hũa	hũa	u	batch_review_unverified
bnf-f0039	c1-l019	1	algũa	24	29	3	gũa	algũa	u	batch_review_unverified
bnf-f0039	c1-l020	1	coração	6	13	5	ção	coração	a	batch_review_unverified
bnf-f0039	c1-l021	1	não	12	15	1	não	não	a	batch_review_unverified
bnf-f0039	c1-l025	1	algũa	35	40	3	gũa	algũa	u	batch_review_unverified
bnf-f0039	c2-l005	1	dalgũa	31	37	4	gũa	dalgũa	u	batch_review_unverified
bnf-f0039	c2-l019	1	maõs	0	4	2	aõs	maõs	o	human_scan_confirmed
bnf-f0039	c2-l021	1	mãos	19	23	1	mão	mãos	a	batch_review_unverified
bnf-f0039	c2-l023	1	Hũa	10	13	1	Hũa	Hũa	u	batch_review_unverified
bnf-f0039	c2-l033	1	Iapão	3	8	3	pão	Iapão	a	batch_review_unverified
bnf-f0039	c2-l045	1	algũa	30	35	3	gũa	algũa	u	batch_review_unverified
bnf-f0039	c2-l046	1	algũa	18	23	3	gũa	algũa	u	batch_review_unverified
bnf-f0040	c1-l003	1	quẽte	31	36	2	uẽt	quẽte	e	human_scan_confirmed
bnf-f0040	c1-l004	1	poẽ	37	40	2	oẽ	poẽ	e	batch_review_unverified
bnf-f0040	c1-l008	1	hũa	36	39	1	hũa	hũa	u	batch_review_unverified
bnf-f0040	c1-l009	1	hũa	33	36	1	hũa	hũa	u	batch_review_unverified
bnf-f0040	c1-l023	1	chão	14	18	2	hão	chão	a	batch_review_unverified
bnf-f0040	c1-l024	1	algũa	24	29	3	gũa	algũa	u	batch_review_unverified
bnf-f0040	c1-l027	1	tocão	15	20	3	cão	tocão	a	batch_review_unverified
bnf-f0040	c1-l027	2	dão	25	28	1	dão	dão	a	batch_review_unverified
bnf-f0040	c1-l027	3	coração	32	39	5	ção	coração	a	batch_review_unverified
bnf-f0040	c1-l028	1	coração	36	43	5	ção	coração	a	batch_review_unverified
bnf-f0040	c1-l036	1	muniçoẽs	2	10	6	oẽs	muniçoẽs	e	human_scan_confirmed
bnf-f0040	c1-l047	1	administração	10	23	11	ção	administração	a	batch_review_unverified
bnf-f0040	c2-l001	1	execução	2	10	6	ção	execução	a	batch_review_unverified
bnf-f0040	c2-l007	1	algũa	30	35	3	gũa	algũa	u	batch_review_unverified
bnf-f0040	c2-l008	1	ração	0	5	3	ção	ração	a	batch_review_unverified
bnf-f0040	c2-l009	1	dalgũa	30	36	4	gũa	dalgũa	u	human_scan_confirmed
bnf-f0040	c2-l019	1	comendação	10	20	8	ção	comendação	a	batch_review_unverified
bnf-f0040	c2-l022	1	não	37	40	1	não	não	a	batch_review_unverified
bnf-f0040	c2-l036	1	dalguẽ	27	33	5	uẽ	dalguẽ	e	batch_review_unverified
bnf-f0040	c2-l037	1	dalguẽ	30	36	5	uẽ	dalguẽ	e	batch_review_unverified
bnf-f0040	c2-l039	1	algũa	15	20	3	gũa	algũa	u	human_scan_confirmed
bnf-f0040	c2-l040	1	naõ	14	17	2	aõ	naõ	o	human_scan_confirmed
bnf-f0041	c1-l001	1	algũa	30	35	3	gũa	algũa	u	batch_review_unverified
bnf-f0041	c1-l003	1	Quã	33	36	2	uã	Quã	a	batch_review_unverified
bnf-f0041	c1-l005	1	aleuãtandoſe	29	41	4	uãt	aleuãtandoſe	a	batch_review_unverified
bnf-f0041	c1-l009	1	vaõ	8	11	2	aõ	vaõ	o	human_scan_confirmed
bnf-f0041	c1-l013	1	naõ	19	22	2	aõ	naõ	o	human_scan_confirmed
bnf-f0041	c1-l020	1	ẽcarnaçaõ	27	36	8	aõ	ẽcarnaçaõ	o	human_scan_confirmed
bnf-f0041	c1-l026	1	naõ	7	10	2	aõ	naõ	o	human_scan_confirmed
bnf-f0041	c1-l026	2	naõ	35	38	2	aõ	naõ	o	human_scan_confirmed
bnf-f0041	c1-l027	1	nenhũa	0	6	4	hũa	nenhũa	u	batch_review_unverified
bnf-f0041	c1-l045	1	toruaçaõ	14	22	7	aõ	toruaçaõ	o	human_scan_confirmed
bnf-f0041	c1-l045	2	naõ	23	26	2	aõ	naõ	o	human_scan_confirmed
bnf-f0041	c1-l046	1	quãdo	41	46	2	uãd	quãdo	a	batch_review_unverified
bnf-f0041	c2-l001	1	hũa	23	26	1	hũa	hũa	u	batch_review_unverified
bnf-f0041	c2-l021	1	cõpaixaõ	24	32	7	aõ	cõpaixaõ	o	human_scan_confirmed
bnf-f0041	c2-l022	1	acõpaixaõ	21	30	8	aõ	acõpaixaõ	o	human_scan_confirmed
bnf-f0041	c2-l023	1	compaixaõ	13	22	8	aõ	compaixaõ	o	human_scan_confirmed
bnf-f0041	c2-l032	1	compaixão	2	11	7	xão	compaixão	a	batch_review_unverified
bnf-f0041	c2-l036	1	algũa	9	14	3	gũa	algũa	u	human_scan_confirmed
bnf-f0041	c2-l041	1	algũa	19	24	3	gũa	algũa	u	batch_review_unverified
bnf-f0041	c2-l046	1	perturbação	0	11	9	ção	perturbação	a	batch_review_unverified
bnf-f0041	catch-l001	1	buição	0	6	4	ção	buição	a	batch_review_unverified
bnf-f0042	c1-l001	1	bação	0	5	3	ção	bação	a	batch_review_unverified
bnf-f0042	c1-l004	1	algũas	6	12	3	gũa	algũas	u	human_scan_confirmed
bnf-f0042	c1-l007	1	hũa	33	36	1	hũa	hũa	u	batch_review_unverified
bnf-f0042	c1-l009	1	maõs	13	17	2	aõs	maõs	o	human_scan_confirmed
bnf-f0042	c1-l012	1	algũa	28	33	3	gũa	algũa	u	batch_review_unverified
bnf-f0042	c1-l033	1	hũa	8	11	1	hũa	hũa	u	batch_review_unverified
bnf-f0042	c1-l038	1	feiçoẽs	0	7	5	oẽs	feiçoẽs	e	human_scan_confirmed
bnf-f0042	c1-l045	1	Quã	41	44	2	uã	Quã	a	batch_review_unverified
bnf-f0042	c1-l046	1	são	15	18	1	são	são	a	batch_review_unverified
bnf-f0042	c2-l002	1	hũa	15	18	1	hũa	hũa	u	batch_review_unverified
bnf-f0042	c2-l005	1	hũa	31	34	1	hũa	hũa	u	batch_review_unverified
bnf-f0042	c2-l009	1	Hũa	8	11	1	Hũa	Hũa	u	batch_review_unverified
bnf-f0042	c2-l014	1	mãos	38	42	1	mão	mãos	a	batch_review_unverified
bnf-f0042	c2-l019	1	Hũa	7	10	1	Hũa	Hũa	u	batch_review_unverified
bnf-f0042	c2-l020	1	leuão	10	15	3	uão	leuão	a	batch_review_unverified
bnf-f0042	c2-l021	1	Raã	9	12	2	aã	Raã	a	batch_review_unverified
bnf-f0042	c2-l025	1	Hũa	9	12	1	Hũa	Hũa	u	batch_review_unverified
bnf-f0042	c2-l025	2	Iapão	23	28	3	pão	Iapão	a	batch_review_unverified
bnf-f0042	c2-l033	1	alguã	38	43	4	uã	alguã	a	human_scan_confirmed
bnf-f0042	c2-l038	1	algũa	0	5	3	gũa	algũa	u	batch_review_unverified
bnf-f0042	c2-l039	1	mãos	11	15	1	mão	mãos	a	batch_review_unverified
bnf-f0042	c2-l043	1	não	20	23	1	não	não	a	batch_review_unverified
bnf-f0043	c1-l007	1	graõs	23	28	3	aõs	graõs	o	human_scan_confirmed
bnf-f0043	c1-l016	1	botaõ	0	5	4	aõ	botaõ	o	human_scan_confirmed
bnf-f0043	c1-l029	1	não	31	34	1	não	não	a	batch_review_unverified
bnf-f0043	c1-l033	1	abanão	13	19	4	não	abanão	a	human_scan_confirmed
bnf-f0043	c1-l033	2	diãte	20	25	2	iãt	diãte	a	batch_review_unverified
bnf-f0043	c1-l033	3	Iapão	39	44	3	pão	Iapão	a	batch_review_unverified
bnf-f0043	c1-l039	1	Hũa	9	12	1	Hũa	Hũa	u	batch_review_unverified
bnf-f0043	c1-l041	1	Hũa	7	10	1	Hũa	Hũa	u	batch_review_unverified
bnf-f0043	c1-l044	1	Hũas	7	11	1	Hũa	Hũas	u	batch_review_unverified
bnf-f0043	c2a-l001	1	mãos	29	33	1	mão	mãos	a	batch_review_unverified
bnf-f0043	c2a-l001	2	quẽ	39	42	2	uẽ	quẽ	e	human_scan_confirmed
bnf-f0043	c2a-l003	1	estão	27	32	3	tão	estão	a	batch_review_unverified
bnf-f0043	c2a-l008	1	não	30	33	1	não	não	a	batch_review_unverified
bnf-f0043	c2a-l010	1	Hũa	13	16	1	Hũa	Hũa	u	batch_review_unverified
bnf-f0043	c2a-l013	1	Hũa	7	10	1	Hũa	Hũa	u	batch_review_unverified
bnf-f0043	c2a-l020	1	grão	20	24	2	rão	grão	a	batch_review_unverified
bnf-f0043	c2b-l007	1	dalgũa	6	12	4	gũa	dalgũa	u	human_scan_confirmed
bnf-f0043	c2b-l009	1	Hũa	7	10	1	Hũa	Hũa	u	batch_review_unverified
bnf-f0043	c2b-l017	1	não	4	7	1	não	não	a	batch_review_unverified
bnf-f0043	c2b-l020	1	leuão	27	32	3	uão	leuão	a	batch_review_unverified
bnf-f0043	c2b-l022	1	ſeição	13	19	4	ção	ſeição	a	batch_review_unverified
bnf-f0043	c2b-l024	1	Não	21	24	1	Não	Não	a	batch_review_unverified
bnf-f0043	c2b-l025	1	algũa	9	14	3	gũa	algũa	u	human_scan_confirmed
bnf-f0043	c2b-l025	2	não	34	37	1	não	não	a	batch_review_unverified
bnf-f0044	c1-l006	1	alguẽ	39	44	4	uẽ	alguẽ	e	batch_review_unverified
bnf-f0044	c1-l026	1	falcão	19	25	4	cão	falcão	a	batch_review_unverified
bnf-f0044	c1-l032	1	firmão	33	39	4	mão	firmão	a	batch_review_unverified
bnf-f0044	c1-l041	1	Não	0	3	1	Não	Não	a	batch_review_unverified
bnf-f0044	c2-l001	1	chão	28	32	2	hão	chão	a	batch_review_unverified
bnf-f0044	c2-l003	1	vão	42	45	1	vão	vão	a	batch_review_unverified
bnf-f0044	c2-l004	1	quãdo	28	33	2	uãd	quãdo	a	batch_review_unverified
bnf-f0044	c2-l004	2	dão	34	37	1	dão	dão	a	batch_review_unverified
bnf-f0044	c2-l005	1	vão	24	27	1	vão	vão	a	batch_review_unverified
bnf-f0044	c2-l006	1	estribão	24	32	6	bão	estribão	a	batch_review_unverified
bnf-f0044	c2-l007	1	fortificão	0	10	8	cão	fortificão	a	batch_review_unverified
bnf-f0044	c2-l009	1	Grilhoẽs	9	17	6	oẽs	Grilhoẽs	e	human_scan_confirmed
bnf-f0044	c2-l010	1	grilhoẽs	24	32	6	oẽs	grilhoẽs	e	human_scan_confirmed
bnf-f0044	c2-l012	1	grilhoẽs	31	39	6	oẽs	grilhoẽs	e	human_scan_confirmed
bnf-f0044	c2-l025	1	Iapão	37	42	3	pão	Iapão	a	batch_review_unverified
bnf-f0044	c2-l026	1	tomão	4	9	3	mão	tomão	a	batch_review_unverified
bnf-f0044	c2-l027	1	não	40	43	1	não	não	a	batch_review_unverified
bnf-f0044	c2-l028	1	chegão	0	6	4	gão	chegão	a	batch_review_unverified
bnf-f0044	c2-l045	1	falcaõ	25	31	5	aõ	falcaõ	o	human_scan_confirmed
bnf-f0044	c2-l048	1	andão	32	37	3	dão	andão	a	batch_review_unverified
bnf-f0045	c1a-l007	1	Hũa	13	16	1	Hũa	Hũa	u	batch_review_unverified
bnf-f0045	c1a-l013	1	cordão	17	23	4	dão	cordão	a	batch_review_unverified
bnf-f0045	c1a-l013	2	pendurão	34	42	6	rão	pendurão	a	batch_review_unverified
bnf-f0045	c1a-l015	1	gauião	0	6	4	ião	gauião	a	batch_review_unverified
bnf-f0045	c1a-l018	1	ſostentão	12	21	7	tão	ſostentão	a	batch_review_unverified
bnf-f0045	c1a-l024	1	Embarcação	26	36	8	ção	Embarcação	a	batch_review_unverified
bnf-f0045	c1a-l026	1	embarcação	26	36	8	ção	embarcação	a	batch_review_unverified
bnf-f0045	c1b-l002	1	Iapão	3	8	3	pão	Iapão	a	batch_review_unverified
bnf-f0045	c1b-l008	1	não	29	32	1	não	não	a	batch_review_unverified
bnf-f0045	c1b-l012	1	coração	3	10	5	ção	coração	a	batch_review_unverified
bnf-f0045	c2-l008	1	alguẽ	4	9	4	uẽ	alguẽ	e	batch_review_unverified
bnf-f0045	c2-l009	1	hũa	21	24	1	hũa	hũa	u	batch_review_unverified
bnf-f0045	c2-l014	1	dão	0	3	1	dão	dão	a	batch_review_unverified
bnf-f0045	c2-l018	1	dalgũa	32	38	4	gũa	dalgũa	u	batch_review_unverified
bnf-f0045	c2-l020	1	Não	0	3	1	Não	Não	a	batch_review_unverified
bnf-f0045	c2-l020	2	dalgũa	22	28	4	gũa	dalgũa	u	human_scan_confirmed
bnf-f0045	c2-l022	1	vaã	27	30	2	aã	vaã	a	batch_review_unverified
bnf-f0045	c2-l025	1	vão	0	3	1	vão	vão	a	batch_review_unverified
bnf-f0045	c2-l034	1	Inuenção	10	18	6	ção	Inuenção	a	batch_review_unverified
bnf-f0045	c2-l037	1	alguẽ	18	23	4	uẽ	alguẽ	e	batch_review_unverified
bnf-f0046	c1a-l005	1	não	10	13	1	não	não	a	batch_review_unverified
bnf-f0046	c1a-l013	1	grãos	15	20	2	rão	grãos	a	batch_review_unverified
bnf-f0046	c1a-l025	1	compaixão	34	43	7	xão	compaixão	a	batch_review_unverified
bnf-f0046	c1a-l026	1	cõpaixão	31	39	6	xão	cõpaixão	a	batch_review_unverified
bnf-f0046	c1a-l028	1	algũa	20	25	3	gũa	algũa	u	human_scan_confirmed
bnf-f0046	c1a-l029	1	não	0	3	1	não	não	a	batch_review_unverified
bnf-f0046	c1a-l030	1	não	16	19	1	não	não	a	batch_review_unverified
bnf-f0046	c1a-l032	1	não	5	8	1	não	não	a	batch_review_unverified
bnf-f0046	c1a-l032	2	algũa	16	21	3	gũa	algũa	u	human_scan_confirmed
bnf-f0046	c1a-l033	1	Não	4	7	1	Não	Não	a	batch_review_unverified
bnf-f0046	c1a-l034	1	não	27	30	1	não	não	a	batch_review_unverified
bnf-f0046	c1a-l035	1	perturbação	33	44	9	ção	perturbação	a	batch_review_unverified
bnf-f0046	c1a-l037	1	gũa	0	3	1	gũa	gũa	u	batch_review_unverified
bnf-f0046	c2-l007	1	gũa	0	3	1	gũa	gũa	u	batch_review_unverified
bnf-f0046	c2-l008	1	Hũa	7	10	1	Hũa	Hũa	u	batch_review_unverified
bnf-f0046	c2-l009	1	Hũa	13	16	1	Hũa	Hũa	u	batch_review_unverified
bnf-f0046	c2-l015	1	chegauão	21	29	6	uão	chegauão	a	batch_review_unverified
bnf-f0046	c2-l018	1	não	21	24	1	não	não	a	batch_review_unverified
bnf-f0046	c2-l025	1	não	27	30	1	não	não	a	batch_review_unverified
bnf-f0046	c2-l032	1	quã	40	43	2	uã	quã	a	batch_review_unverified
bnf-f0046	c2-l034	1	não	0	3	1	não	não	a	batch_review_unverified
bnf-f0047	c1a-l004	1	dalgũa	31	37	4	gũa	dalgũa	u	batch_review_unverified
bnf-f0047	c1a-l007	1	algũa	33	38	3	gũa	algũa	u	batch_review_unverified
bnf-f0047	c1a-l010	1	Iapão	28	33	3	pão	Iapão	a	batch_review_unverified
bnf-f0047	c1a-l018	1	aldeão	32	38	4	eão	aldeão	a	batch_review_unverified
bnf-f0047	c1a-l025	1	feijões	12	19	4	jõe	feijões	o	batch_review_unverified
bnf-f0047	c1a-l026	1	feijões	30	37	4	jõe	feijões	o	batch_review_unverified
bnf-f0047	c1a-l027	1	Hũa	8	11	1	Hũa	Hũa	u	batch_review_unverified
bnf-f0047	c1a-l028	1	Hũa	9	12	1	Hũa	Hũa	u	batch_review_unverified
bnf-f0047	c1a-l029	1	vſão	36	40	2	ſão	vſão	a	batch_review_unverified
bnf-f0047	c1a-l030	1	inuocações	33	43	7	çõe	inuocações	o	batch_review_unverified
bnf-f0047	c1b-l003	1	tirão	8	13	3	rão	tirão	a	batch_review_unverified
bnf-f0047	c1b-l008	1	dalgũa	7	13	4	gũa	dalgũa	u	batch_review_unverified
bnf-f0047	c2-l003	1	algũa	24	29	3	gũa	algũa	u	batch_review_unverified
bnf-f0047	c2-l012	1	exercitão	11	20	7	tão	exercitão	a	batch_review_unverified
bnf-f0047	c2-l020	1	acçoẽs	30	36	4	oẽs	acçoẽs	e	human_scan_confirmed
bnf-f0047	c2-l028	1	Hũa	9	12	1	Hũa	Hũa	u	batch_review_unverified
bnf-f0047	c2-l033	1	criação	9	16	5	ção	criação	a	batch_review_unverified
bnf-f0047	c2-l035	1	não	0	3	1	não	não	a	batch_review_unverified
bnf-f0047	c2-l035	2	ſão	4	7	1	ſão	ſão	a	batch_review_unverified
bnf-f0047	c2-l046	1	hũas	30	34	1	hũa	hũas	u	batch_review_unverified
bnf-f0047	c2-l047	1	Vſão	34	38	2	ſão	Vſão	a	batch_review_unverified
bnf-f0048	c1-l001	1	embarcaçoẽs	23	34	9	oẽs	embarcaçoẽs	e	human_scan_confirmed
bnf-f0048	c1-l011	1	dalgũa	0	6	4	gũa	dalgũa	u	batch_review_unverified
bnf-f0048	c1-l015	1	feição	18	24	4	ção	feição	a	batch_review_unverified
bnf-f0048	c1-l016	1	Iapão	27	32	3	pão	Iapão	a	batch_review_unverified
bnf-f0048	c1-l018	1	queimão	15	22	5	mão	queimão	a	batch_review_unverified
bnf-f0048	c1-l029	1	pintão	33	39	4	tão	pintão	a	batch_review_unverified
bnf-f0048	c2-l005	1	Hũa	11	14	1	Hũa	Hũa	u	batch_review_unverified
bnf-f0048	c2-l013	1	quã	35	38	2	uã	quã	a	batch_review_unverified
bnf-f0048	c2-l015	1	quã	36	39	2	uã	quã	a	batch_review_unverified
bnf-f0048	c2-l023	1	cuſtumaõ	33	41	7	aõ	cuſtumaõ	o	human_scan_confirmed
bnf-f0048	c2-l025	1	zentaõ	0	6	5	aõ	zentaõ	o	human_scan_confirmed
bnf-f0048	c2-l025	2	algũas	28	34	3	gũa	algũas	u	batch_review_unverified
bnf-f0048	c2-l027	1	Iapão	26	31	3	pão	Iapão	a	batch_review_unverified
bnf-f0048	c2-l029	1	Embarcaçaõ	11	21	9	aõ	Embarcaçaõ	o	human_scan_confirmed
bnf-f0048	c2-l029	2	ladroẽs	25	32	5	oẽs	ladroẽs	e	human_scan_confirmed
bnf-f0048	c2-l029	3	vaõ	37	40	2	aõ	vaõ	o	human_scan_confirmed
bnf-f0048	c2-l031	1	droẽs	0	5	3	oẽs	droẽs	e	human_scan_confirmed
bnf-f0048	c2-l031	2	vaõ	23	26	2	aõ	vaõ	o	human_scan_confirmed
bnf-f0048	c2-l033	1	algũa	21	26	3	gũa	algũa	u	batch_review_unverified
bnf-f0048	c2-l037	1	Feiçaõ	23	29	5	aõ	Feiçaõ	o	human_scan_confirmed
bnf-f0048	c2-l039	1	feiçoẽs	28	35	5	oẽs	feiçoẽs	e	human_scan_confirmed
bnf-f0049	c1-l008	1	Lũa	9	12	1	Lũa	Lũa	u	batch_review_unverified
bnf-f0049	c1-l023	1	chão	28	32	2	hão	chão	a	batch_review_unverified
bnf-f0049	c1-l032	1	Multiplicação	19	32	11	ção	Multiplicação	a	batch_review_unverified
bnf-f0049	c1-l035	1	eſtão	13	18	3	tão	eſtão	a	batch_review_unverified
bnf-f0049	c2-l009	1	algũa	32	37	3	gũa	algũa	u	batch_review_unverified
bnf-f0049	c2-l016	1	não	8	11	1	não	não	a	batch_review_unverified
bnf-f0049	c2-l019	1	vão	10	13	1	vão	vão	a	batch_review_unverified
bnf-f0049	c2-l022	1	vigião	32	38	4	ião	vigião	a	batch_review_unverified
bnf-f0049	c2-l027	1	lũa	3	6	1	lũa	lũa	u	batch_review_unverified
bnf-f0049	c2-l029	1	verão	7	12	3	rão	verão	a	batch_review_unverified
bnf-f0049	c2-l030	1	não	26	29	1	não	não	a	batch_review_unverified
bnf-f0049	c2-l032	1	gião	0	4	2	ião	gião	a	batch_review_unverified
bnf-f0049	c2-l046	1	não	17	20	1	não	não	a	batch_review_unverified
bnf-f0050	c1-l004	1	vigião	33	39	4	ião	vigião	a	batch_review_unverified
bnf-f0050	c1-l009	1	gião	0	4	2	ião	gião	a	batch_review_unverified
bnf-f0050	c1-l016	1	Iapão	12	17	3	pão	Iapão	a	batch_review_unverified
bnf-f0050	c1-l016	2	ſão	23	26	1	ſão	ſão	a	batch_review_unverified
bnf-f0050	c1-l016	3	chamão	38	44	4	mão	chamão	a	batch_review_unverified
bnf-f0050	c1-l027	1	vigião	14	20	4	ião	vigião	a	batch_review_unverified
bnf-f0050	c1-l028	1	tão	0	3	1	tão	tão	a	batch_review_unverified
bnf-f0050	c1-l031	1	hũa	30	33	1	hũa	hũa	u	batch_review_unverified
bnf-f0050	c1-l032	1	não	32	35	1	não	não	a	batch_review_unverified
bnf-f0050	c1-l032	2	ſão	36	39	1	ſão	ſão	a	batch_review_unverified
bnf-f0050	c1-l035	1	multidão	15	23	6	dão	multidão	a	batch_review_unverified
bnf-f0050	c1-l036	1	huãs	22	26	2	uãs	huãs	a	human_scan_confirmed
bnf-f0050	c1-l039	1	gião	0	4	2	ião	gião	a	batch_review_unverified
bnf-f0050	c1-l044	1	não	34	37	1	não	não	a	batch_review_unverified
bnf-f0050	c2-l033	1	ordenaçoẽs	16	26	8	oẽs	ordenaçoẽs	e	human_scan_confirmed
bnf-f0051	c1-l006	1	Hũa	13	16	1	Hũa	Hũa	u	batch_review_unverified
bnf-f0051	c1-l009	1	conſideração	3	15	10	ção	conſideração	a	batch_review_unverified
bnf-f0051	c1-l030	1	vigião	14	20	4	ião	vigião	a	batch_review_unverified
bnf-f0051	c1-l040	1	hũa	0	3	1	hũa	hũa	u	batch_review_unverified
bnf-f0051	c1-l040	2	hũa	31	34	1	hũa	hũa	u	batch_review_unverified
bnf-f0051	c2-l003	1	vigião	14	20	4	ião	vigião	a	batch_review_unverified
bnf-f0051	c2-l005	1	lũa	15	18	1	lũa	lũa	u	batch_review_unverified
bnf-f0051	c2-l010	1	lũa	19	22	1	lũa	lũa	u	batch_review_unverified
bnf-f0051	c2-l018	1	algũa	16	21	3	gũa	algũa	u	batch_review_unverified
bnf-f0051	c2-l022	1	algũa	28	33	3	gũa	algũa	u	batch_review_unverified
bnf-f0051	c2-l024	1	algũa	21	26	3	gũa	algũa	u	batch_review_unverified
bnf-f0051	c2-l026	1	Iapões	24	30	3	põe	Iapões	o	batch_review_unverified
bnf-f0051	c2-l026	2	não	31	34	1	não	não	a	batch_review_unverified
bnf-f0051	c2-l026	3	nomeão	35	41	4	eão	nomeão	a	batch_review_unverified
bnf-f0051	c2-l034	1	cuidão	38	44	4	dão	cuidão	a	batch_review_unverified
bnf-f0051	c2-l039	1	diſſimulação	11	23	10	ção	diſſimulação	a	batch_review_unverified
bnf-f0051	c2-l043	1	lação	0	5	3	ção	lação	a	batch_review_unverified
bnf-f0052	c1-l012	1	chão	41	45	2	hão	chão	a	batch_review_unverified
bnf-f0052	c1-l013	1	grãos	34	39	2	rão	grãos	a	batch_review_unverified
bnf-f0052	c1-l014	1	entornão	0	8	6	não	entornão	a	batch_review_unverified
bnf-f0052	c1-l019	1	chão	27	31	2	hão	chão	a	batch_review_unverified
bnf-f0052	c1-l025	1	tomão	23	28	3	mão	tomão	a	batch_review_unverified
bnf-f0052	c1-l028	1	dobrão	11	17	4	rão	dobrão	a	batch_review_unverified
bnf-f0052	c1-l032	1	Hũa	7	10	1	Hũa	Hũa	u	batch_review_unverified
bnf-f0052	c1-l034	1	esfregão	24	32	6	gão	esfregão	a	batch_review_unverified
bnf-f0052	c1-l045	1	hũa	5	8	1	hũa	hũa	u	batch_review_unverified
bnf-f0052	c2-l003	1	voão	16	20	2	oão	voão	a	batch_review_unverified
bnf-f0052	c2-l003	2	dão	25	28	1	dão	dão	a	batch_review_unverified
bnf-f0052	c2-l003	3	nochão	39	45	4	hão	nochão	a	batch_review_unverified
bnf-f0052	c2-l008	1	Iapão	12	17	3	pão	Iapão	a	batch_review_unverified
bnf-f0052	c2-l011	1	Gèração	23	30	5	ção	Gèração	a	batch_review_unverified
bnf-f0052	c2-l012	1	dalgũa	25	31	4	ũa	dalgũa	u	batch_review_unverified
bnf-f0052	c2-l014	1	dalgũa	22	28	4	gũa	dalgũa	u	human_scan_confirmed
bnf-f0052	c2-l016	1	algũa	33	38	3	gũa	algũa	u	human_scan_confirmed
bnf-f0052	c2-l018	1	algũa	0	5	3	gũa	algũa	u	batch_review_unverified
bnf-f0052	c2-l020	1	dalgũa	0	6	4	gũa	dalgũa	u	batch_review_unverified
bnf-f0052	c2-l028	1	Hũa	29	32	1	Hũa	Hũa	u	batch_review_unverified
bnf-f0052	c2-l034	1	viſitação	24	33	7	ção	viſitação	a	batch_review_unverified
bnf-f0053	c1a-l005	1	aleuantão	30	39	7	tão	aleuantão	a	batch_review_unverified
bnf-f0053	c1a-l010	1	dalgũa	24	30	4	gũa	dalgũa	u	batch_review_unverified
bnf-f0053	c1b-l001	1	Hũa	6	9	1	Hũa	Hũa	u	batch_review_unverified
bnf-f0053	c1b-l003	1	dalgũa	31	37	4	gũa	dalgũa	u	human_scan_confirmed
bnf-f0053	c1b-l007	1	feijoẽs	0	7	5	oẽs	feijoẽs	e	human_scan_confirmed
bnf-f0053	c2-l001	1	pão	0	3	1	pão	pão	a	batch_review_unverified
bnf-f0053	c2-l001	2	apartauão	6	15	7	uão	apartauão	a	batch_review_unverified
bnf-f0053	c2-l008	1	Grão	20	24	2	rão	Grão	a	batch_review_unverified
bnf-f0053	c2-l026	1	Rabão	12	17	3	bão	Rabão	a	batch_review_unverified
bnf-f0053	c2-l039	1	Maçaã	21	26	4	aã	Maçaã	a	human_scan_confirmed
bnf-f0054	c1-l002	1	Diſcrição	7	16	7	ção	Diſcrição	a	batch_review_unverified
bnf-f0054	c1-l002	2	eloquẽcia	35	44	5	uẽc	eloquẽcia	e	batch_review_unverified
bnf-f0054	c1-l004	1	inuenção	10	18	6	ção	inuenção	a	batch_review_unverified
bnf-f0054	c1-l009	1	diſcrição	19	28	7	ção	diſcrição	a	batch_review_unverified
bnf-f0054	c1-l011	1	Hũa	7	10	1	Hũa	Hũa	u	batch_review_unverified
bnf-f0054	c1-l012	1	leuão	25	30	3	uão	leuão	a	batch_review_unverified
bnf-f0054	c1-l017	1	algũa	32	37	3	gũa	algũa	u	human_scan_confirmed
bnf-f0054	c1-l023	1	algũa	15	20	3	gũa	algũa	u	human_scan_confirmed
bnf-f0054	c1-l030	1	venerão	29	36	5	rão	venerão	a	batch_review_unverified
bnf-f0054	c1-l031	1	quẽ	33	36	2	uẽ	quẽ	e	batch_review_unverified
bnf-f0054	c1-l046	1	Geração	23	30	5	ção	Geração	a	batch_review_unverified
bnf-f0054	c2-l023	1	pregação	0	8	6	ção	pregação	a	batch_review_unverified
bnf-f0054	c2-l024	1	pregação	18	26	6	ção	pregação	a	batch_review_unverified
bnf-f0054	c2-l027	1	opinião	3	10	5	ião	opinião	a	batch_review_unverified
bnf-f0054	c2-l034	1	ção	0	3	1	ção	ção	a	batch_review_unverified
bnf-f0054	c2-l040	1	algũa	26	31	3	gũa	algũa	u	human_scan_confirmed
bnf-f0055	c1a-l004	1	algũa	12	17	3	gũa	algũa	u	human_scan_confirmed
bnf-f0055	c1a-l006	1	derramão	0	8	6	mão	derramão	a	batch_review_unverified
bnf-f0055	c1a-l013	1	algũa	0	5	3	gũa	algũa	u	batch_review_unverified
bnf-f0055	c1a-l015	1	hũa	15	18	1	hũa	hũa	u	batch_review_unverified
bnf-f0055	c1a-l017	1	nalgũa	6	12	4	gũa	nalgũa	u	human_scan_confirmed
bnf-f0055	c1a-l017	2	pouoação	13	21	6	ção	pouoação	a	batch_review_unverified
bnf-f0055	c1a-l025	1	Traição	24	31	5	ção	Traição	a	batch_review_unverified
bnf-f0055	c1a-l027	1	traição	0	7	5	ção	traição	a	batch_review_unverified
bnf-f0055	c1b-l005	1	vſão	13	17	2	ſão	vſão	a	batch_review_unverified
bnf-f0055	c2-l001	1	afflição	32	40	6	ção	afflição	a	batch_review_unverified
bnf-f0055	c2-l004	1	hũa	38	41	1	hũa	hũa	u	batch_review_unverified
bnf-f0055	c2-l008	1	goſtão	34	40	4	tão	goſtão	a	batch_review_unverified
bnf-f0055	c2-l012	1	Hũa	19	22	1	Hũa	Hũa	u	batch_review_unverified
bnf-f0055	c2-l013	1	vſão	14	18	2	ſão	vſão	a	batch_review_unverified
bnf-f0055	c2-l021	1	ção	0	3	1	ção	ção	a	batch_review_unverified
bnf-f0055	c2-l026	1	Iapão	9	14	3	pão	Iapão	a	batch_review_unverified
bnf-f0055	c2-l027	1	Hũa	10	13	1	Hũa	Hũa	u	batch_review_unverified
bnf-f0055	c2-l030	1	calções	30	37	4	çõe	calções	o	batch_review_unverified
bnf-f0056	c1-l017	1	vſão	0	4	2	ſão	vſão	a	batch_review_unverified
bnf-f0056	c1-l026	1	algũa	38	43	3	gũa	algũa	u	human_scan_confirmed
bnf-f0056	c1-l031	1	carão	28	33	3	rão	carão	a	batch_review_unverified
bnf-f0056	c1-l042	1	condição	8	16	6	ção	condição	a	batch_review_unverified
bnf-f0056	c2-l009	1	penteãdoos	29	39	5	eãd	penteãdoos	a	batch_review_unverified
bnf-f0056	c2-l010	1	Iapão	3	8	3	pão	Iapão	a	batch_review_unverified
bnf-f0056	c2-l012	1	Ocasião	13	20	5	ião	Ocasião	a	batch_review_unverified
bnf-f0056	c2-l021	1	Hũas	11	15	1	Hũa	Hũas	u	batch_review_unverified
bnf-f0056	c2-l022	1	amarrão	12	19	5	rão	amarrão	a	batch_review_unverified
bnf-f0056	c2-l022	2	hũas	38	42	1	hũa	hũas	u	batch_review_unverified
bnf-f0056	c2-l023	1	danção	31	37	4	ção	danção	a	batch_review_unverified
bnf-f0056	c2-l031	1	vzão	34	38	2	zão	vzão	a	batch_review_unverified
bnf-f0056	c2-l034	1	concertão	9	18	7	tão	concertão	a	batch_review_unverified
bnf-f0056	c2-l035	1	molhão	25	31	4	hão	molhão	a	batch_review_unverified
bnf-f0056	c2-l041	1	ocasião	10	17	5	ião	ocasião	a	batch_review_unverified
bnf-f0056	c2-l043	1	ocasião	29	36	5	ião	ocasião	a	batch_review_unverified
bnf-f0056	c2-l045	1	concertão	13	22	7	tão	concertão	a	batch_review_unverified
bnf-f0056	c2-l046	1	algũa	30	35	3	gũa	algũa	u	batch_review_unverified
bnf-f0056	c2-l046	2	ocasião	36	43	5	ião	ocasião	a	batch_review_unverified
bnf-f0057	c1-l007	1	ocasião	10	17	5	ião	ocasião	a	batch_review_unverified
bnf-f0057	c1-l009	1	municação	0	9	7	ção	municação	a	batch_review_unverified
bnf-f0057	c1-l011	1	communicação	5	17	10	ção	communicação	a	batch_review_unverified
bnf-f0057	c1-l013	1	Iapão	22	27	3	pão	Iapão	a	batch_review_unverified
bnf-f0057	c1-l013	2	vzão	28	32	2	zão	vzão	a	batch_review_unverified
bnf-f0057	c1-l018	1	Embarcação	23	33	8	ção	Embarcação	a	batch_review_unverified
bnf-f0057	c1-l020	1	embarcação	15	25	8	ção	embarcação	a	batch_review_unverified
bnf-f0057	c1-l020	2	ocasião	30	37	5	ião	ocasião	a	batch_review_unverified
bnf-f0057	c1-l024	1	Hũa	23	26	1	Hũa	Hũa	u	batch_review_unverified
bnf-f0057	c1-l026	1	Hũa	22	25	1	Hũa	Hũa	u	batch_review_unverified
bnf-f0057	c1-l028	1	vzão	0	4	2	zão	vzão	a	batch_review_unverified
bnf-f0057	c1-l028	2	Iapoẽs	8	14	4	oẽs	Iapoẽs	e	human_scan_confirmed
bnf-f0057	c1-l033	1	chão	13	17	2	hão	chão	a	batch_review_unverified
bnf-f0057	c1-l035	1	mão	12	15	1	mão	mão	a	batch_review_unverified
bnf-f0057	c1-l035	2	não	31	34	1	não	não	a	batch_review_unverified
bnf-f0057	c1-l035	3	caião	35	40	3	ião	caião	a	batch_review_unverified
bnf-f0057	c1-l044	1	estão	8	13	3	tão	estão	a	batch_review_unverified
bnf-f0057	c2-l003	1	algũa	29	34	3	gũa	algũa	u	human_scan_confirmed
bnf-f0057	c2-l006	1	doẽtes	30	36	2	oẽt	doẽtes	e	batch_review_unverified
bnf-f0057	c2-l012	1	Afflição	27	35	6	ção	Afflição	a	batch_review_unverified
bnf-f0057	c2-l017	1	afflição	2	10	6	ção	afflição	a	batch_review_unverified
bnf-f0057	c2-l038	1	Cão	22	25	1	Cão	Cão	a	batch_review_unverified
bnf-f0057	c2-l046	1	Iapão	29	34	3	pão	Iapão	a	batch_review_unverified
bnf-f0058	c1-l012	1	Algũa	7	12	3	gũa	Algũa	u	human_scan_confirmed
bnf-f0058	c1-l013	1	algũa	23	28	3	gũa	algũa	u	human_scan_confirmed
bnf-f0058	c1-l032	1	não	29	32	1	não	não	a	batch_review_unverified
bnf-f0058	c1-l042	1	mão	6	9	1	mão	mão	a	batch_review_unverified
bnf-f0058	c2a-l006	1	Hũa	6	9	1	Hũa	Hũa	u	batch_review_unverified
bnf-f0058	c2a-l009	1	ſeruẽ	38	43	4	uẽ	ſeruẽ	e	batch_review_unverified
bnf-f0058	c2a-l011	1	Hũa	11	14	1	Hũa	Hũa	u	batch_review_unverified
bnf-f0058	c2a-l016	1	algũa	28	33	3	gũa	algũa	u	batch_review_unverified
bnf-f0058	c2a-l016	2	quãdo	40	45	2	uãd	quãdo	a	batch_review_unverified
bnf-f0058	c2a-l018	1	quebrão	24	31	5	rão	quebrão	a	batch_review_unverified
bnf-f0058	c2a-l018	2	eſchorrão	35	44	7	rão	eſchorrão	a	batch_review_unverified
bnf-f0058	c2a-l019	1	chão	0	4	2	hão	chão	a	batch_review_unverified
bnf-f0058	c2a-l021	1	Hũa	27	30	1	Hũa	Hũa	u	batch_review_unverified
bnf-f0058	c2b-l001	1	Bastão	4	10	4	tão	Bastão	a	batch_review_unverified
bnf-f0058	c2b-l001	2	bordão	15	21	4	dão	bordão	a	batch_review_unverified
bnf-f0058	c2b-l003	1	baſtão	2	8	4	tão	baſtão	a	batch_review_unverified
bnf-f0058	c2b-l004	1	bordão	28	34	4	dão	bordão	a	batch_review_unverified
bnf-f0058	c2b-l006	1	bastão	4	10	4	tão	bastão	a	batch_review_unverified
bnf-f0058	c2b-l008	1	Gẽo	33	36	1	Gẽo	Gẽo	e	batch_review_unverified
bnf-f0059	c1-l001	1	vſão	18	22	2	ſão	vſão	a	batch_review_unverified
bnf-f0059	c1-l003	1	algodão	5	12	5	dão	algodão	a	batch_review_unverified
bnf-f0059	c1-l018	1	bastão	34	40	4	tão	bastão	a	batch_review_unverified
bnf-f0059	c1-l019	1	bordão	3	9	4	dão	bordão	a	batch_review_unverified
bnf-f0059	c1-l026	1	algũa	16	21	3	gũa	algũa	u	human_scan_confirmed
bnf-f0059	c1-l029	1	Iapão	33	38	3	pão	Iapão	a	batch_review_unverified
bnf-f0059	c1-l030	1	não	18	21	1	não	não	a	batch_review_unverified
bnf-f0059	c1-l032	1	chão	19	23	2	hão	chão	a	batch_review_unverified
bnf-f0059	c1-l035	1	algũa	36	41	3	gũa	algũa	u	batch_review_unverified
bnf-f0059	c1-l041	1	paſſarão	26	34	6	rão	paſſarão	a	batch_review_unverified
bnf-f0059	c1-l043	1	eſtão	24	29	3	tão	eſtão	a	batch_review_unverified
bnf-f0059	c1-l043	2	algũas	38	44	3	gũa	algũas	u	human_scan_confirmed
bnf-f0059	c2-l003	1	Hũa	6	9	1	Hũa	Hũa	u	batch_review_unverified
bnf-f0059	c2-l004	1	deitão	33	39	4	tão	deitão	a	batch_review_unverified
bnf-f0059	c2-l005	1	algũa	9	14	3	gũa	algũa	u	batch_review_unverified
bnf-f0059	c2-l006	1	Iapão	32	37	3	pão	Iapão	a	batch_review_unverified
bnf-f0059	c2-l012	1	Iapão	0	5	3	pão	Iapão	a	batch_review_unverified
bnf-f0059	c2-l014	1	Bocuguiũ	0	8	7	iũ	Bocuguiũ	u	batch_review_unverified
bnf-f0059	c2-l015	1	crião	0	5	3	ião	crião	a	batch_review_unverified
bnf-f0059	c2-l027	1	Iapão	0	5	3	pão	Iapão	a	batch_review_unverified
bnf-f0059	c2-l041	1	coração	18	25	5	ção	coração	a	batch_review_unverified
bnf-f0059	c2-l043	1	ſaluação	8	16	6	ção	ſaluação	a	batch_review_unverified
bnf-f0059	c2-l045	1	mendação	0	8	6	ção	mendação	a	batch_review_unverified
bnf-f0059	c2-l046	1	hũa	36	39	1	hũa	hũa	u	batch_review_unverified
bnf-f0060	c1-l002	1	coração	0	7	5	ção	coração	a	batch_review_unverified
bnf-f0060	c1-l003	1	ſaluação	2	10	6	ção	ſaluação	a	batch_review_unverified
bnf-f0060	c1-l003	2	deuação	14	21	5	ção	deuação	a	batch_review_unverified
bnf-f0060	c1-l004	1	ſaluação	3	11	6	ção	ſaluação	a	batch_review_unverified
bnf-f0060	c1-l004	2	deuação	15	22	5	ção	deuação	a	batch_review_unverified
bnf-f0060	c1-l011	1	hũa	14	17	1	hũa	hũa	u	batch_review_unverified
bnf-f0060	c1-l017	1	Lũa	22	25	1	Lũa	Lũa	u	batch_review_unverified
bnf-f0060	c1-l027	1	Iapão	10	15	3	pão	Iapão	a	batch_review_unverified
bnf-f0060	c1-l031	1	não	11	14	1	não	não	a	batch_review_unverified
bnf-f0060	c2-l002	1	não	3	6	1	não	não	a	batch_review_unverified
bnf-f0060	c2-l003	1	não	19	22	1	não	não	a	batch_review_unverified
bnf-f0060	c2-l007	1	lũa	26	29	1	lũa	lũa	u	batch_review_unverified
bnf-f0060	c2-l012	1	algodão	3	10	5	dão	algodão	a	batch_review_unverified
bnf-f0060	c2-l021	1	Hũa	8	11	1	Hũa	Hũa	u	batch_review_unverified
bnf-f0060	c2-l021	2	meloẽs	20	26	4	oẽs	meloẽs	e	human_scan_confirmed
bnf-f0060	c2-l023	1	hũa	20	23	1	hũa	hũa	u	batch_review_unverified
bnf-f0060	c2-l024	1	plantão	12	19	5	tão	plantão	a	batch_review_unverified
bnf-f0060	c2-l030	1	Sião	0	4	2	ião	Sião	a	batch_review_unverified
bnf-f0060	c2-l031	1	Sião	30	34	2	ião	Sião	a	batch_review_unverified
bnf-f0060	c2-l032	1	commũa	25	31	4	mũa	commũa	u	batch_review_unverified
bnf-f0060	c2-l034	1	não	28	31	1	não	não	a	batch_review_unverified
bnf-f0060	c2-l035	1	algũa	10	15	3	gũa	algũa	u	human_scan_confirmed
bnf-f0060	c2-l040	1	Afflição	17	25	6	ção	Afflição	a	batch_review_unverified
bnf-f0060	c2-l043	1	algũa	29	34	3	gũa	algũa	u	human_scan_confirmed
bnf-f0060	c2-l043	2	afflição	35	43	6	ção	afflição	a	batch_review_unverified
bnf-f0061	c1-l001	1	Sião	32	36	2	ião	Sião	a	batch_review_unverified
bnf-f0061	c1-l003	1	conſideração	23	35	10	ção	conſideração	a	batch_review_unverified
bnf-f0061	c1-l004	1	moſtrão	0	7	5	rão	moſtrão	a	batch_review_unverified
bnf-f0061	c1-l009	1	Não	30	33	1	Não	Não	a	batch_review_unverified
bnf-f0061	c1-l011	1	Ninguẽnno	9	18	5	uẽn	Ninguẽnno	e	batch_review_unverified
bnf-f0061	c1-l013	1	Hũa	8	11	1	Hũa	Hũa	u	batch_review_unverified
bnf-f0061	c1-l014	1	poẽs	0	4	2	oẽs	poẽs	e	human_scan_confirmed
bnf-f0061	c1-l014	2	concertão	5	14	7	tão	concertão	a	batch_review_unverified
bnf-f0061	c1-l015	1	algũa	17	22	3	gũa	algũa	u	human_scan_confirmed
bnf-f0061	c1-l017	1	Mãos	22	26	1	Mão	Mãos	a	batch_review_unverified
bnf-f0061	c1-l020	1	gũa	0	3	1	gũa	gũa	u	batch_review_unverified
bnf-f0061	c1-l026	1	Hũa	6	9	1	Hũa	Hũa	u	batch_review_unverified
bnf-f0061	c1-l032	1	coração	0	7	5	ção	coração	a	batch_review_unverified
bnf-f0061	c2-l006	1	ção	0	3	1	ção	ção	a	batch_review_unverified
bnf-f0061	c2-l009	1	Hũa	7	10	1	Hũa	Hũa	u	batch_review_unverified
bnf-f0061	c2-l014	1	algũa	28	33	3	gũa	algũa	u	batch_review_unverified
bnf-f0061	c2-l015	1	quãdo	5	10	2	uãd	quãdo	a	batch_review_unverified
bnf-f0061	c2-l017	1	algũa	18	23	3	gũa	algũa	u	batch_review_unverified
bnf-f0061	c2-l019	1	Effuſão	22	29	5	ſão	Effuſão	a	batch_review_unverified
bnf-f0061	c2-l020	1	diſpoſição	27	37	8	ção	diſpoſição	a	batch_review_unverified
bnf-f0061	c2-l024	1	algũa	8	13	3	gũa	algũa	u	human_scan_confirmed
bnf-f0061	c2-l025	1	grãos	19	24	2	rão	grãos	a	batch_review_unverified
bnf-f0061	c2-l027	1	quã	38	41	2	uã	quã	a	batch_review_unverified
bnf-f0061	c2-l029	1	grãos	0	5	2	rão	grãos	a	batch_review_unverified
bnf-f0061	c2-l032	1	cação	0	5	3	ção	cação	a	batch_review_unverified
bnf-f0061	c2-l032	2	dão	21	24	1	dão	dão	a	batch_review_unverified
bnf-f0061	c2-l042	1	bordão	29	35	4	dão	bordão	a	batch_review_unverified
bnf-f0061	c2-l043	1	bastão	0	6	4	tão	bastão	a	batch_review_unverified
bnf-f0061	c2-l044	1	bordão	17	23	4	dão	bordão	a	batch_review_unverified
bnf-f0062	c1-l003	1	uantão	0	6	4	tão	uantão	a	batch_review_unverified
bnf-f0062	c1-l011	1	ção	0	3	1	ção	ção	a	batch_review_unverified
bnf-f0062	c1-l018	1	melões	11	17	3	lõe	melões	o	batch_review_unverified
bnf-f0062	c1-l023	1	ajuntão	23	30	5	tão	ajuntão	a	batch_review_unverified
bnf-f0062	c1-l026	1	não	17	20	1	não	não	a	batch_review_unverified
bnf-f0062	c1-l027	1	não	0	3	1	não	não	a	batch_review_unverified
bnf-f0062	c1-l028	1	Não	11	14	1	Não	Não	a	batch_review_unverified
bnf-f0062	c1-l030	1	não	16	19	1	não	não	a	batch_review_unverified
bnf-f0062	c1-l036	1	Hũas	8	12	1	Hũa	Hũas	u	batch_review_unverified
bnf-f0062	c1-l036	2	amarrão	29	36	5	rão	amarrão	a	batch_review_unverified
bnf-f0062	c1-l037	1	vão	38	41	1	vão	vão	a	batch_review_unverified
bnf-f0062	c1-l038	1	hũas	7	11	1	hũa	hũas	u	batch_review_unverified
bnf-f0062	c1-l039	1	Criação	7	14	5	ção	Criação	a	batch_review_unverified
bnf-f0062	c1-l041	1	traição	16	23	5	ção	traição	a	batch_review_unverified
bnf-f0062	c2a-l002	1	não	5	8	1	não	não	a	batch_review_unverified
bnf-f0062	c2a-l005	1	hũa	36	39	1	hũa	hũa	u	batch_review_unverified
bnf-f0062	c2b-l002	1	não	10	13	1	não	não	a	batch_review_unverified
bnf-f0062	c2b-l002	2	não	19	22	1	não	não	a	batch_review_unverified
bnf-f0062	c2b-l012	1	algũa	23	28	3	gũa	algũa	u	batch_review_unverified
bnf-f0062	c2b-l013	1	não	0	3	1	não	não	a	batch_review_unverified
bnf-f0062	c2b-l015	1	Prohibição	26	36	8	ção	Prohibição	a	batch_review_unverified
bnf-f0062	c2b-l021	1	estão	19	24	3	tão	estão	a	batch_review_unverified
bnf-f0062	c2b-l027	1	pronunciãſe	27	38	8	iãſ	pronunciãſe	a	batch_review_unverified
bnf-f0062	c2b-l029	1	bordão	16	22	4	dão	bordão	a	batch_review_unverified
bnf-f0063	c1-l001	1	cão	11	14	1	cão	cão	a	batch_review_unverified
bnf-f0063	c1-l007	1	não	13	16	1	não	não	a	batch_review_unverified
bnf-f0063	c1-l021	1	não	15	18	1	não	não	a	batch_review_unverified
bnf-f0063	c1-l035	1	Não	6	9	1	Não	Não	a	batch_review_unverified
bnf-f0063	c1-l035	2	ſenão	25	30	3	não	ſenão	a	batch_review_unverified
bnf-f0063	c2-l006	1	Pião	26	30	2	ião	Pião	a	batch_review_unverified
bnf-f0063	c2-l016	1	Affeição	19	27	6	ção	Affeição	a	batch_review_unverified
bnf-f0063	c2-l017	1	algũa	12	17	3	gũa	algũa	u	batch_review_unverified
bnf-f0063	c2-l018	1	algũa	23	28	3	gũa	algũa	u	batch_review_unverified
bnf-f0063	c2-l025	1	algũa	24	29	3	gũa	algũa	u	batch_review_unverified
bnf-f0063	c2-l035	1	ſidão	0	5	3	dão	ſidão	a	batch_review_unverified
bnf-f0064	c1-l016	1	ſão	21	24	1	ſão	ſão	a	batch_review_unverified
bnf-f0064	c1-l017	1	Diuiſão	24	31	5	ſão	Diuiſão	a	batch_review_unverified
bnf-f0064	c1-l018	1	quinhão	0	7	5	hão	quinhão	a	batch_review_unverified
bnf-f0064	c1-l032	1	não	10	13	1	não	não	a	batch_review_unverified
bnf-f0064	c1-l033	1	Hũa	20	23	1	Hũa	Hũa	u	batch_review_unverified
bnf-f0064	c1-l036	1	ſotão	39	44	3	tão	ſotão	a	batch_review_unverified
bnf-f0064	c1-l039	1	juriſdição	23	33	8	ção	juriſdição	a	batch_review_unverified
bnf-f0064	c1-l040	1	Hũa	8	11	1	Hũa	Hũa	u	batch_review_unverified
bnf-f0064	c1-l043	1	não	23	26	1	não	não	a	batch_review_unverified
bnf-f0064	c1-l044	1	oração	31	37	4	ção	oração	a	batch_review_unverified
bnf-f0064	c1-l045	1	pregação	0	8	6	ção	pregação	a	batch_review_unverified
bnf-f0064	c1-l045	2	narração	23	31	6	ção	narração	a	batch_review_unverified
bnf-f0064	c2-l002	1	Inconſideração	25	39	12	ção	Inconſideração	a	batch_review_unverified
bnf-f0064	c2-l011	1	hũa	33	36	1	hũa	hũa	u	batch_review_unverified
bnf-f0064	c2-l013	1	quinhão	0	7	5	hão	quinhão	a	batch_review_unverified
bnf-f0064	c2-l013	2	algũa	11	16	3	gũa	algũa	u	human_scan_confirmed
bnf-f0064	c2-l014	1	quinhoẽs	29	37	6	oẽs	quinhoẽs	e	human_scan_confirmed
bnf-f0064	c2-l025	1	Eſcriuão	7	15	6	uão	Eſcriuão	a	batch_review_unverified
bnf-f0064	c2-l048	1	tão	0	3	1	tão	tão	a	batch_review_unverified
bnf-f0065	c1-l008	1	Quã	35	38	2	uã	Quã	a	batch_review_unverified
bnf-f0065	c1-l011	1	Perfeição	21	30	7	ção	Perfeição	a	batch_review_unverified
bnf-f0065	c1-l029	1	eſcriuão	11	19	6	uão	eſcriuão	a	batch_review_unverified
bnf-f0065	c1-l037	1	ção	0	3	1	ção	ção	a	batch_review_unverified
bnf-f0065	c1-l044	1	capitão	19	26	5	tão	capitão	a	batch_review_unverified
bnf-f0065	c1-l045	1	Iapão	17	22	3	pão	Iapão	a	batch_review_unverified
bnf-f0065	c1-l046	1	Capitão	9	16	5	tão	Capitão	a	batch_review_unverified
bnf-f0065	c1-l046	2	Iapão	34	39	3	pão	Iapão	a	batch_review_unverified
bnf-f0065	c2-l005	1	não	32	35	1	não	não	a	batch_review_unverified
bnf-f0065	c2-l011	1	vſão	37	41	2	ſão	vſão	a	batch_review_unverified
bnf-f0065	c2-l013	1	mãos	35	39	1	mão	mãos	a	batch_review_unverified
bnf-f0065	c2-l014	1	vſão	3	7	2	ſão	vſão	a	batch_review_unverified
bnf-f0065	c2-l020	1	diſpoſição	29	39	8	ção	diſpoſição	a	batch_review_unverified
bnf-f0065	c2-l024	1	algũa	14	19	3	gũa	algũa	u	batch_review_unverified
bnf-f0065	c2-l029	1	algũa	34	39	3	gũa	algũa	u	human_scan_confirmed
bnf-f0066	c1-l001	1	amarrão	0	7	5	rão	amarrão	a	batch_review_unverified
bnf-f0066	c1-l003	1	dão	0	3	1	dão	dão	a	batch_review_unverified
bnf-f0066	c1-l003	2	hũa	7	10	1	hũa	hũa	u	batch_review_unverified
bnf-f0066	c1-l023	1	maõs	28	32	2	aõs	maõs	o	human_scan_confirmed
bnf-f0066	c1-l031	1	não	34	37	1	não	não	a	batch_review_unverified
bnf-f0066	c1-l032	1	não	20	23	1	não	não	a	batch_review_unverified
bnf-f0066	c1-l035	1	mão	0	3	1	mão	mão	a	batch_review_unverified
bnf-f0066	c1-l038	1	Perturbação	22	33	9	ção	Perturbação	a	batch_review_unverified
bnf-f0066	c1-l042	1	ſentão	0	6	4	tão	ſentão	a	batch_review_unverified
bnf-f0066	c1-l045	1	compoſição	26	36	8	ção	compoſição	a	batch_review_unverified
bnf-f0066	c2-l001	1	dão	39	42	1	dão	dão	a	batch_review_unverified
bnf-f0066	c2-l007	1	comendação	3	13	8	ção	comendação	a	batch_review_unverified
bnf-f0066	c2-l015	1	Sião	32	36	2	ião	Sião	a	batch_review_unverified
bnf-f0066	c2-l043	1	coração	3	10	5	ção	coração	a	batch_review_unverified
bnf-f0067	c1-l004	1	ſão	4	7	1	ſão	ſão	a	batch_review_unverified
bnf-f0067	c1-l004	2	Iapões	33	39	3	põe	Iapões	o	batch_review_unverified
bnf-f0067	c1-l014	1	rezão	22	27	3	zão	rezão	a	batch_review_unverified
bnf-f0067	c1-l031	1	templação	0	9	7	ção	templação	a	batch_review_unverified
bnf-f0067	c1-l033	1	Coração	27	34	5	ção	Coração	a	batch_review_unverified
bnf-f0067	c2-l007	1	Vnião	31	36	3	ião	Vnião	a	batch_review_unverified
bnf-f0067	c2-l011	1	fão	0	3	1	fão	fão	a	batch_review_unverified
bnf-f0067	c2-l014	1	estão	21	26	3	tão	estão	a	batch_review_unverified
bnf-f0067	c2-l019	1	capitão	18	25	5	tão	capitão	a	batch_review_unverified
bnf-f0067	c2-l021	1	lũa	24	27	1	lũa	lũa	u	batch_review_unverified
bnf-f0067	c2-l021	2	Iapão	31	36	3	pão	Iapão	a	batch_review_unverified
bnf-f0067	c2-l024	1	hũa	14	17	1	hũa	hũa	u	batch_review_unverified
bnf-f0067	c2-l030	1	ração	0	5	3	ção	ração	a	batch_review_unverified
bnf-f0067	c2-l032	1	algũa	0	5	3	gũa	algũa	u	batch_review_unverified
bnf-f0067	c2-l032	2	não	29	32	1	não	não	a	batch_review_unverified
bnf-f0067	c2-l039	1	deuação	29	36	5	ção	deuação	a	batch_review_unverified
bnf-f0067	c2-l040	1	ſaluação	22	30	6	ção	ſaluação	a	batch_review_unverified
bnf-f0067	c2-l044	1	Inconſideração	26	40	12	ção	Inconſideração	a	batch_review_unverified
bnf-f0067	c2-l047	1	não	2	5	1	não	não	a	batch_review_unverified
bnf-f0068	c1-l008	1	Capitão	23	30	5	tão	Capitão	a	batch_review_unverified
bnf-f0068	c1-l011	1	capitão	12	19	5	tão	capitão	a	batch_review_unverified
bnf-f0068	c1-l018	1	administração	10	23	11	ção	administração	a	batch_review_unverified
bnf-f0068	c1-l021	1	quẽ	32	35	2	uẽ	quẽ	e	batch_review_unverified
bnf-f0068	c1-l021	2	não	36	39	1	não	não	a	batch_review_unverified
bnf-f0068	c1-l024	1	vſão	4	8	2	ſão	vſão	a	batch_review_unverified
bnf-f0068	c1-l026	1	cidrão	32	38	4	rão	cidrão	a	batch_review_unverified
bnf-f0068	c1-l027	1	hũa	3	6	1	hũa	hũa	u	batch_review_unverified
bnf-f0068	c1-l027	2	mão	33	36	1	mão	mão	a	batch_review_unverified
bnf-f0068	c1-l029	1	inclinação	29	39	8	ção	inclinação	a	batch_review_unverified
bnf-f0068	c1-l030	1	affeição	3	11	6	ção	affeição	a	batch_review_unverified
bnf-f0068	c1-l030	2	algũa	14	19	3	gũa	algũa	u	human_scan_confirmed
bnf-f0068	c1-l032	1	algũa	8	13	3	gũa	algũa	u	batch_review_unverified
bnf-f0068	c1-l036	1	tão	0	3	1	tão	tão	a	batch_review_unverified
bnf-f0068	c1-l038	1	preegação	13	22	7	ção	preegação	a	batch_review_unverified
bnf-f0068	c1-l042	1	Coração	25	32	5	ção	Coração	a	batch_review_unverified
bnf-f0068	c2a-l006	1	Mãos	20	24	1	Mão	Mãos	a	batch_review_unverified
bnf-f0068	c2a-l013	1	não	0	3	1	não	não	a	batch_review_unverified
bnf-f0068	c2a-l017	1	não	22	25	1	não	não	a	batch_review_unverified
bnf-f0068	c2b-l011	1	algũa	16	21	3	gũa	algũa	u	batch_review_unverified
bnf-f0069	c1-l002	1	Ioão	17	21	2	oão	Ioão	a	batch_review_unverified
bnf-f0069	c1-l003	1	Ioão	28	32	2	oão	Ioão	a	batch_review_unverified
bnf-f0069	c1-l009	1	alguẽ	37	42	4	uẽ	alguẽ	e	batch_review_unverified
bnf-f0069	c1-l016	1	alguẽ	14	19	4	uẽ	alguẽ	e	batch_review_unverified
bnf-f0069	c1-l020	1	não	16	19	1	não	não	a	batch_review_unverified
bnf-f0069	c1-l041	1	algũa	25	30	3	gũa	algũa	u	batch_review_unverified
bnf-f0069	c1-l046	1	algũa	0	5	3	gũa	algũa	u	human_scan_confirmed
bnf-f0069	c1-l047	1	dão	30	33	1	dão	dão	a	batch_review_unverified
bnf-f0069	c1-l047	2	algũa	37	42	3	gũa	algũa	u	human_scan_confirmed
bnf-f0069	c2-l005	1	dão	8	11	1	dão	dão	a	batch_review_unverified
bnf-f0069	c2-l007	1	não	14	17	1	não	não	a	batch_review_unverified
bnf-f0069	c2-l009	1	aſentão	0	7	5	tão	aſentão	a	batch_review_unverified
bnf-f0069	c2-l010	1	feição	17	23	4	ção	feição	a	batch_review_unverified
bnf-f0069	c2-l015	1	feição	16	22	4	ção	feição	a	batch_review_unverified
bnf-f0069	c2-l017	1	algũa	30	35	3	gũa	algũa	u	human_scan_confirmed
bnf-f0069	c2-l025	1	Feição	8	14	4	ção	Feição	a	batch_review_unverified
bnf-f0069	c2-l045	1	Hũas	17	21	1	Hũa	Hũas	u	batch_review_unverified
bnf-f0069	c2-l047	1	algũa	26	31	3	gũa	algũa	u	human_scan_confirmed
bnf-f0070	c1-l002	1	Iapão	32	37	3	pão	Iapão	a	batch_review_unverified
bnf-f0070	c1-l007	1	hũa	19	22	1	hũa	hũa	u	batch_review_unverified
bnf-f0070	c1-l014	1	não	33	36	1	não	não	a	batch_review_unverified
bnf-f0070	c1-l015	1	ſenaõ	22	27	4	aõ	ſenaõ	o	human_scan_confirmed
bnf-f0070	c1-l023	1	preegação	18	27	7	ção	preegação	a	batch_review_unverified
bnf-f0070	c1-l029	1	nalgũa	23	29	4	gũa	nalgũa	u	human_scan_confirmed
bnf-f0070	c1-l035	1	algũa	13	18	3	gũa	algũa	u	human_scan_confirmed
bnf-f0070	c1-l036	1	algũa	27	32	3	gũa	algũa	u	human_scan_confirmed
bnf-f0070	c1-l047	1	algũa	3	8	3	gũa	algũa	u	human_scan_confirmed
bnf-f0070	c2-l001	1	tão	0	3	1	tão	tão	a	batch_review_unverified
bnf-f0070	c2-l004	1	algũa	3	8	3	gũa	algũa	u	human_scan_confirmed
bnf-f0070	c2-l011	1	Iapão	25	30	3	pão	Iapão	a	batch_review_unverified
bnf-f0070	c2-l019	1	bordão	14	20	4	dão	bordão	a	batch_review_unverified
bnf-f0070	c2-l020	1	algũa	16	21	3	gũa	algũa	u	batch_review_unverified
bnf-f0070	c2-l023	1	mão	36	39	1	mão	mão	a	batch_review_unverified
bnf-f0070	c2-l029	1	afflição	21	29	6	ção	afflição	a	batch_review_unverified
bnf-f0070	c2-l030	1	não	38	41	1	não	não	a	batch_review_unverified
bnf-f0070	c2-l031	1	não	26	29	1	não	não	a	batch_review_unverified
bnf-f0070	c2-l037	1	falcão	30	36	4	cão	falcão	a	batch_review_unverified
bnf-f0070	c2-l041	1	coniunção	20	29	7	ção	coniunção	a	batch_review_unverified
bnf-f0071	c1-l003	1	algũa	16	21	3	gũa	algũa	u	human_scan_confirmed
bnf-f0071	c1-l010	1	algũa	0	5	3	gũa	algũa	u	batch_review_unverified
bnf-f0071	c1-l011	1	algũa	11	16	3	gũa	algũa	u	batch_review_unverified
bnf-f0071	c1-l012	1	mãos	17	21	1	mão	mãos	a	batch_review_unverified
bnf-f0071	c1-l017	1	algũa	3	8	3	gũa	algũa	u	human_scan_confirmed
bnf-f0071	c1-l018	1	não	10	13	1	não	não	a	batch_review_unverified
bnf-f0071	c1-l018	2	oração	27	33	4	ção	oração	a	batch_review_unverified
bnf-f0071	c1-l025	1	mão	22	25	1	mão	mão	a	batch_review_unverified
bnf-f0071	c1-l025	2	algũa	29	34	3	gũa	algũa	u	batch_review_unverified
bnf-f0071	c1-l035	1	São	0	3	1	São	São	a	batch_review_unverified
bnf-f0071	c1-l043	1	porção	0	6	4	ção	porção	a	batch_review_unverified
bnf-f0071	c1-l045	1	hũa	26	29	1	hũa	hũa	u	batch_review_unverified
bnf-f0071	c2-l016	1	mão	2	5	1	mão	mão	a	batch_review_unverified
bnf-f0071	c2-l018	1	verão	3	8	3	rão	verão	a	batch_review_unverified
bnf-f0071	c2-l021	1	Aleuãtar	29	37	4	uãt	Aleuãtar	a	batch_review_unverified
bnf-f0071	c2-l043	1	Pauilhaõ	16	24	7	aõ	Pauilhaõ	o	human_scan_confirmed
bnf-f0071	c2-l046	1	gratulação	18	28	8	ção	gratulação	a	batch_review_unverified
bnf-f0072	c1-l024	1	Não	9	12	1	Não	Não	a	batch_review_unverified
bnf-f0072	c1-l024	2	algũa	37	42	3	gũa	algũa	u	human_scan_confirmed
bnf-f0072	c1-l036	1	hũa	30	33	1	hũa	hũa	u	batch_review_unverified
bnf-f0072	c1-l044	1	não	3	6	1	não	não	a	batch_review_unverified
bnf-f0072	c2-l015	1	preparação	18	28	8	ção	preparação	a	batch_review_unverified
bnf-f0072	c2-l017	1	algũa	25	30	3	gũa	algũa	u	batch_review_unverified
bnf-f0072	c2-l020	1	ficão	27	32	3	cão	ficão	a	batch_review_unverified
bnf-f0072	c2-l027	1	meditaçoẽs	11	21	8	oẽs	meditaçoẽs	e	human_scan_confirmed
bnf-f0073	c1-l001	1	poẽ	3	6	2	oẽ	poẽ	e	human_scan_confirmed
bnf-f0073	c1-l005	1	não	25	28	1	não	não	a	batch_review_unverified
bnf-f0073	c1-l014	1	buſcão	10	16	4	cão	buſcão	a	batch_review_unverified
bnf-f0073	c1-l022	1	estão	30	35	3	tão	estão	a	batch_review_unverified
bnf-f0073	c1-l033	1	ſão	35	38	1	ſão	ſão	a	batch_review_unverified
bnf-f0073	c1-l035	1	Embarcação	19	29	8	ção	Embarcação	a	batch_review_unverified
bnf-f0073	c1-l037	1	algũa	27	32	3	gũa	algũa	u	batch_review_unverified
bnf-f0073	c1-l040	1	algũa	8	13	3	gũa	algũa	u	human_scan_confirmed
bnf-f0073	c1-l041	1	Embarcação	18	28	8	ção	Embarcação	a	batch_review_unverified
bnf-f0073	c1-l044	1	algũa	31	36	3	gũa	algũa	u	batch_review_unverified
bnf-f0073	c1-l045	1	ſão	10	13	1	ſão	ſão	a	batch_review_unverified
bnf-f0073	c1-l046	1	algũa	31	36	3	gũa	algũa	u	batch_review_unverified
bnf-f0073	c2-l011	1	não	27	30	1	não	não	a	batch_review_unverified
bnf-f0073	c2-l015	1	algũa	37	42	3	gũa	algũa	u	batch_review_unverified
bnf-f0073	c2-l017	1	algũa	33	38	3	gũa	algũa	u	batch_review_unverified
bnf-f0073	c2-l023	1	Algũa	22	27	3	gũa	Algũa	u	batch_review_unverified
bnf-f0073	c2-l024	1	dedução	4	11	5	ção	dedução	a	batch_review_unverified
bnf-f0073	c2-l024	2	algũa	30	35	3	gũa	algũa	u	batch_review_unverified
bnf-f0073	c2-l026	1	dedução	27	34	5	ção	dedução	a	batch_review_unverified
bnf-f0073	c2-l027	1	algũa	20	25	3	gũa	algũa	u	batch_review_unverified
bnf-f0073	c2-l042	1	algũa	14	19	3	gũa	algũa	u	batch_review_unverified
bnf-f0073	c2-l046	1	dão	30	33	1	dão	dão	a	batch_review_unverified
bnf-f0073	c2-l047	1	ſão	9	12	1	ſão	ſão	a	batch_review_unverified
bnf-f0074	c1-l001	1	não	25	28	1	não	não	a	batch_review_unverified
bnf-f0074	c1-l009	1	alguẽ	29	34	4	uẽ	alguẽ	e	batch_review_unverified
bnf-f0074	c1-l012	1	algũa	27	32	3	gũa	algũa	u	human_scan_confirmed
bnf-f0074	c1-l013	1	não	4	7	1	não	não	a	batch_review_unverified
bnf-f0074	c1-l013	2	tinhão	40	46	4	hão	tinhão	a	batch_review_unverified
bnf-f0074	c1-l014	1	não	26	29	1	não	não	a	batch_review_unverified
bnf-f0074	c1-l015	1	ocaſião	0	7	5	ião	ocaſião	a	batch_review_unverified
bnf-f0074	c1-l015	2	eſperarão	22	31	7	rão	eſperarão	a	batch_review_unverified
bnf-f0074	c1-l015	3	vão	33	36	1	vão	vão	a	batch_review_unverified
bnf-f0074	c1-l016	1	algũa	5	10	3	gũa	algũa	u	batch_review_unverified
bnf-f0074	c1-l017	1	dão	18	21	1	dão	dão	a	batch_review_unverified
bnf-f0074	c1-l018	1	não	0	3	1	não	não	a	batch_review_unverified
bnf-f0074	c1-l023	1	algũa	28	33	3	gũa	algũa	u	human_scan_confirmed
bnf-f0074	c1-l036	1	imaginão	23	31	6	não	imaginão	a	batch_review_unverified
bnf-f0074	c1-l038	1	ẽbarcação	0	9	7	ção	ẽbarcação	a	batch_review_unverified
bnf-f0074	c2-l002	1	dalgũa	8	14	4	gũa	dalgũa	u	human_scan_confirmed
bnf-f0074	c2-l002	2	dedução	40	47	5	ção	dedução	a	batch_review_unverified
bnf-f0074	c2-l003	1	algũa	14	19	3	gũa	algũa	u	batch_review_unverified
bnf-f0074	c2-l005	1	dalgũa	31	37	4	gũa	dalgũa	u	batch_review_unverified
bnf-f0074	c2-l012	1	Iapão	29	34	3	pão	Iapão	a	batch_review_unverified
bnf-f0074	c2-l014	1	algũa	29	34	3	gũa	algũa	u	human_scan_confirmed
bnf-f0074	c2-l022	1	algũa	9	14	3	gũa	algũa	u	batch_review_unverified
bnf-f0074	c2-l031	1	algũa	17	22	3	gũa	algũa	u	batch_review_unverified
bnf-f0074	c2-l032	1	ção	0	3	1	ção	ção	a	batch_review_unverified
bnf-f0074	c2-l032	2	não	37	40	1	não	não	a	batch_review_unverified
bnf-f0075	c1-l002	1	Iapão	31	36	3	pão	Iapão	a	batch_review_unverified
bnf-f0075	c1-l007	1	embarcaçoẽs	11	22	9	oẽs	embarcaçoẽs	e	human_scan_confirmed
bnf-f0075	c1-l008	1	cão	0	3	1	cão	cão	a	batch_review_unverified
bnf-f0075	c1-l022	1	proteição	9	18	7	ção	proteição	a	batch_review_unverified
bnf-f0075	c1-l026	1	algũa	11	16	3	gũa	algũa	u	batch_review_unverified
bnf-f0075	c1-l028	1	lũa	20	23	1	lũa	lũa	u	batch_review_unverified
bnf-f0075	c1-l029	1	não	30	33	1	não	não	a	batch_review_unverified
bnf-f0075	c1-l031	1	não	0	3	1	não	não	a	batch_review_unverified
bnf-f0075	c1-l036	1	dão	0	3	1	dão	dão	a	batch_review_unverified
bnf-f0075	c1-l041	1	Murmuração	11	21	8	ção	Murmuração	a	batch_review_unverified
bnf-f0075	c1-l045	1	diſpoſição	10	20	8	ção	diſpoſição	a	batch_review_unverified
bnf-f0075	c1-l045	2	cõjunção	34	42	6	ção	cõjunção	a	batch_review_unverified
bnf-f0075	c2-l002	1	deſocupação	3	14	9	ção	deſocupação	a	batch_review_unverified
bnf-f0075	c2-l002	2	algũa	26	31	3	gũa	algũa	u	batch_review_unverified
bnf-f0075	c2-l010	1	Lũa	24	27	1	Lũa	Lũa	u	batch_review_unverified
bnf-f0075	c2-l016	1	dalgũa	29	35	4	gũa	dalgũa	u	human_scan_confirmed
bnf-f0075	c2-l017	1	dalgũa	8	14	4	gũa	dalgũa	u	human_scan_confirmed
bnf-f0075	c2-l024	1	ção	0	3	1	ção	ção	a	batch_review_unverified
bnf-f0075	c2-l035	1	algũa	32	37	3	gũa	algũa	u	human_scan_confirmed
bnf-f0075	c2-l037	1	leuãdoa	32	39	3	uãd	leuãdoa	a	batch_review_unverified
bnf-f0075	c2-l042	1	deprecações	38	49	8	çõe	deprecações	o	batch_review_unverified
bnf-f0075	c2-l044	1	deprecações	6	17	8	çõe	deprecações	o	batch_review_unverified
bnf-f0076	c1-l001	1	Não	4	7	1	Não	Não	a	batch_review_unverified
bnf-f0076	c1-l005	1	embarcação	7	17	8	ção	embarcação	a	batch_review_unverified
bnf-f0076	c1-l007	1	deprecações	31	42	8	çõe	deprecações	o	batch_review_unverified
bnf-f0076	c1-l015	1	Iapão	19	24	3	pão	Iapão	a	batch_review_unverified
bnf-f0076	c1-l019	1	tão	29	32	1	tão	tão	a	batch_review_unverified
bnf-f0076	c1-l020	1	não	4	7	1	não	não	a	batch_review_unverified
bnf-f0076	c1-l025	1	Prohibição	16	26	8	ção	Prohibição	a	batch_review_unverified
bnf-f0076	c1-l028	1	prohibição	25	35	8	ção	prohibição	a	batch_review_unverified
bnf-f0076	c1-l031	1	Iapão	29	34	3	pão	Iapão	a	batch_review_unverified
bnf-f0076	c1-l035	1	Iapão	30	35	3	pão	Iapão	a	batch_review_unverified
bnf-f0076	c1-l047	1	não	5	8	1	não	não	a	batch_review_unverified
bnf-f0076	c2-l001	1	remão	32	37	3	mão	remão	a	batch_review_unverified
bnf-f0076	c2-l008	1	hũa	14	17	1	hũa	hũa	u	batch_review_unverified
bnf-f0076	c2-l010	1	mão	6	9	1	mão	mão	a	batch_review_unverified
bnf-f0076	c2-l010	2	não	14	17	1	não	não	a	batch_review_unverified
bnf-f0076	c2-l012	1	algũa	10	15	3	gũa	algũa	u	human_scan_confirmed
bnf-f0076	c2-l018	1	grãos	22	27	2	rão	grãos	a	batch_review_unverified
bnf-f0076	c2-l035	1	algũa	14	19	3	gũa	algũa	u	human_scan_confirmed
bnf-f0076	c2-l047	1	algũa	12	17	3	gũa	algũa	u	batch_review_unverified
bnf-f0077	c1-l002	1	mão	13	16	1	mão	mão	a	batch_review_unverified
bnf-f0077	c1-l009	1	dão	7	10	1	dão	dão	a	batch_review_unverified
bnf-f0077	c1-l020	1	estão	0	5	3	tão	estão	a	batch_review_unverified
bnf-f0077	c1-l020	2	chamão	16	22	4	mão	chamão	a	batch_review_unverified
bnf-f0077	c1-l021	1	tornão	3	9	4	não	tornão	a	batch_review_unverified
bnf-f0077	c1-l021	2	chamão	33	39	4	mão	chamão	a	batch_review_unverified
bnf-f0077	c1-l028	1	algũa	42	47	3	gũa	algũa	u	batch_review_unverified
bnf-f0077	c1-l030	1	algũa	25	30	3	gũa	algũa	u	batch_review_unverified
bnf-f0077	c2-l012	1	algũa	36	41	3	gũa	algũa	u	batch_review_unverified
bnf-f0077	c2-l014	1	conſideração	26	38	10	ção	conſideração	a	batch_review_unverified
bnf-f0077	c2-l015	1	Hũa	8	11	1	Hũa	Hũa	u	batch_review_unverified
bnf-f0077	c2-l020	1	Iapão	23	28	3	pão	Iapão	a	batch_review_unverified
bnf-f0077	c2-l021	1	derão	4	9	3	rão	derão	a	batch_review_unverified
bnf-f0077	c2-l032	1	pronunçiação	8	20	10	ção	pronunçiação	a	batch_review_unverified
bnf-f0077	c2-l041	1	meditação	10	19	7	ção	meditação	a	batch_review_unverified
bnf-f0077	c2-l042	1	comechão	21	29	6	hão	comechão	a	batch_review_unverified
bnf-f0078	c1-l009	1	Prohibição	24	34	8	ção	Prohibição	a	batch_review_unverified
bnf-f0078	c1-l011	1	algũa	27	32	3	gũa	algũa	u	human_scan_confirmed
bnf-f0078	c1-l015	1	Não	11	14	1	Não	Não	a	batch_review_unverified
bnf-f0078	c1-l016	1	maõ	32	35	2	aõ	maõ	o	human_scan_confirmed
bnf-f0078	c1-l019	1	coração	14	21	5	ção	coração	a	batch_review_unverified
bnf-f0078	c1-l026	1	gũa	0	3	1	gũa	gũa	u	batch_review_unverified
bnf-f0078	c1-l030	1	algũa	34	39	3	gũa	algũa	u	batch_review_unverified
bnf-f0078	c2-l006	1	Raã	7	10	2	aã	Raã	a	batch_review_unverified
bnf-f0078	c2-l007	1	Hũa	16	19	1	Hũa	Hũa	u	batch_review_unverified
bnf-f0078	c2-l010	1	aſſentão	11	19	6	tão	aſſentão	a	batch_review_unverified
bnf-f0078	c2-l013	1	estauão	25	32	5	uão	estauão	a	batch_review_unverified
bnf-f0078	c2-l015	1	algũa	25	30	3	gũa	algũa	u	batch_review_unverified
bnf-f0078	c2-l022	1	algũa	35	40	3	gũa	algũa	u	human_scan_confirmed
bnf-f0078	c2-l024	1	gũa	0	3	1	gũa	gũa	u	batch_review_unverified
bnf-f0078	c2-l025	1	dalgũa	16	22	4	gũa	dalgũa	u	human_scan_confirmed
bnf-f0078	c2-l025	2	religião	33	41	6	ião	religião	a	batch_review_unverified
bnf-f0079	c1-l011	1	hũa	14	17	1	hũa	hũa	u	batch_review_unverified
bnf-f0079	c1-l011	2	embarcação	18	28	8	ção	embarcação	a	batch_review_unverified
bnf-f0079	c1-l033	1	Iapão	25	30	3	pão	Iapão	a	batch_review_unverified
bnf-f0079	c1-l039	1	emlação	25	32	5	ção	emlação	a	batch_review_unverified
bnf-f0079	c1-l040	1	mãos	10	14	1	mão	mãos	a	batch_review_unverified
bnf-f0079	c2-l001	1	não	14	17	1	não	não	a	batch_review_unverified
bnf-f0079	c2-l010	1	verão	27	32	3	rão	verão	a	batch_review_unverified
bnf-f0079	c2-l014	1	Raãs	16	20	2	aãs	Raãs	a	batch_review_unverified
bnf-f0079	c2-l015	1	Raã	0	3	2	aã	Raã	a	batch_review_unverified
bnf-f0079	c2-l016	1	Caldeirão	6	15	7	rão	Caldeirão	a	batch_review_unverified
bnf-f0079	c2-l020	1	Hũa	10	13	1	Hũa	Hũa	u	batch_review_unverified
bnf-f0079	c2-l022	1	armação	17	24	5	ção	armação	a	batch_review_unverified
bnf-f0079	c2-l024	1	Fogão	8	13	3	gão	Fogão	a	batch_review_unverified
bnf-f0079	c2-l025	1	caldeirão	18	27	7	rão	caldeirão	a	batch_review_unverified
bnf-f0079	c2-l027	1	Não	10	13	1	Não	Não	a	batch_review_unverified
bnf-f0079	c2-l032	1	algũas	7	13	3	gũa	algũas	u	human_scan_confirmed
bnf-f0079	c2-l037	1	não	11	14	1	não	não	a	batch_review_unverified
bnf-f0079	c2-l041	1	fogão	27	32	3	gão	fogão	a	batch_review_unverified
bnf-f0079	c2-l044	1	hũas	15	19	1	hũa	hũas	u	batch_review_unverified
bnf-f0079	c2-l044	2	tirão	38	43	3	rão	tirão	a	batch_review_unverified
bnf-f0079	c2-l046	1	Vão	13	16	1	Vão	Vão	a	batch_review_unverified
bnf-f0079	c2-l046	2	fogão	36	41	3	gão	fogão	a	batch_review_unverified
bnf-f0080	c1-l007	1	fogões	0	6	3	gõe	fogões	o	batch_review_unverified
bnf-f0080	c1-l015	1	traição	26	33	5	ção	traição	a	batch_review_unverified
bnf-f0080	c1-l017	1	feição	32	38	4	ção	feição	a	batch_review_unverified
bnf-f0080	c1-l019	1	feição	22	28	4	ção	feição	a	batch_review_unverified
bnf-f0080	c1-l030	1	emparão	0	7	5	rão	emparão	a	batch_review_unverified
bnf-f0080	c1-l030	2	algũa	24	29	3	gũa	algũa	u	batch_review_unverified
bnf-f0080	c1-l031	1	vazão	29	34	3	zão	vazão	a	batch_review_unverified
bnf-f0080	c1-l039	1	mão	30	33	1	mão	mão	a	batch_review_unverified
bnf-f0080	c1-l044	1	venerão	16	23	5	rão	venerão	a	batch_review_unverified
bnf-f0080	c1-l044	2	Iapão	38	43	3	pão	Iapão	a	batch_review_unverified
bnf-f0080	c2-l006	1	lião	18	22	2	ião	lião	a	batch_review_unverified
bnf-f0080	c2-l009	1	caẽs	19	23	2	aẽs	caẽs	e	human_scan_confirmed
bnf-f0080	c2-l009	2	morderão	24	32	6	rão	morderão	a	batch_review_unverified
bnf-f0080	c2-l011	1	Colchão	12	19	5	hão	Colchão	a	batch_review_unverified
bnf-f0080	c2-l021	1	Trouão	10	16	4	uão	Trouão	a	batch_review_unverified
bnf-f0080	c2-l022	1	trouão	7	13	4	uão	trouão	a	batch_review_unverified
bnf-f0080	c2-l028	1	Punçãozinho	10	21	4	ção	Punçãozinho	a	batch_review_unverified
bnf-f0080	c2-l034	1	corriẽ	37	43	5	iẽ	corriẽ	e	batch_review_unverified
bnf-f0080	c2-l039	1	Iapão	36	41	3	pão	Iapão	a	batch_review_unverified
bnf-f0080	c2-l040	1	algũa	34	39	3	gũa	algũa	u	batch_review_unverified
bnf-f0080	c2-l044	1	Iapão	26	31	3	pão	Iapão	a	batch_review_unverified
bnf-f0080	c2-l046	1	Iapão	10	15	3	pão	Iapão	a	batch_review_unverified
bnf-f0081	c1-l004	1	feição	21	27	4	ção	feição	a	batch_review_unverified
bnf-f0081	c1-l015	1	diminuição	31	41	8	ção	diminuição	a	batch_review_unverified
bnf-f0081	c1-l018	1	algũa	21	26	3	gũa	algũa	u	batch_review_unverified
bnf-f0081	c1-l022	1	Iapão	21	26	3	pão	Iapão	a	batch_review_unverified
bnf-f0081	c1-l023	1	chãamente	6	15	2	hãa	chãamente	a	batch_review_unverified
bnf-f0081	c1-l023	2	entẽdão	36	43	5	dão	entẽdão	a	batch_review_unverified
bnf-f0081	c1-l024	1	admiração	20	29	7	ção	admiração	a	batch_review_unverified
bnf-f0081	c1-l028	1	latão	20	25	3	tão	latão	a	batch_review_unverified
bnf-f0081	c1-l032	1	Bordão	8	14	4	dão	Bordão	a	batch_review_unverified
bnf-f0081	c1-l032	2	bastão	19	25	4	tão	bastão	a	batch_review_unverified
bnf-f0081	c1-l034	1	Hũas	20	24	1	Hũa	Hũas	u	batch_review_unverified
bnf-f0081	c1-l035	1	leuão	14	19	3	uão	leuão	a	batch_review_unverified
bnf-f0081	c1-l035	2	algũa	20	25	3	gũa	algũa	u	batch_review_unverified
bnf-f0081	c1-l044	1	burulhão	0	8	6	hão	burulhão	a	batch_review_unverified
bnf-f0081	c1-l044	2	amarrão	12	19	5	rão	amarrão	a	batch_review_unverified
bnf-f0081	c2-l002	1	deitão	26	32	4	tão	deitão	a	batch_review_unverified
bnf-f0081	c2-l002	2	quẽ	38	41	2	uẽ	quẽ	e	batch_review_unverified
bnf-f0081	c2-l003	1	mãos	22	26	1	mão	mãos	a	batch_review_unverified
bnf-f0081	c2-l004	1	latão	22	27	3	tão	latão	a	batch_review_unverified
bnf-f0081	c2-l027	1	rezão	14	19	3	zão	rezão	a	batch_review_unverified
bnf-f0081	c2-l028	1	gũa	0	3	1	gũa	gũa	u	batch_review_unverified
bnf-f0081	c2-l030	1	deitão	31	37	4	tão	deitão	a	batch_review_unverified
bnf-f0081	c2-l031	1	dão	18	21	1	dão	dão	a	batch_review_unverified
bnf-f0081	c2-l031	2	mãos	30	34	1	mão	mãos	a	batch_review_unverified
bnf-f0081	c2-l034	1	não	11	14	1	não	não	a	batch_review_unverified
bnf-f0081	c2-l044	1	Bordão	11	17	4	dão	Bordão	a	batch_review_unverified
bnf-f0081	c2-l046	1	ção	0	3	1	ção	ção	a	batch_review_unverified
bnf-f0082	c1-l002	1	Bordão	10	16	4	dão	Bordão	a	batch_review_unverified
bnf-f0082	c1-l022	1	Iapão	25	30	3	pão	Iapão	a	batch_review_unverified
bnf-f0082	c1-l028	1	petição	7	14	5	ção	petição	a	batch_review_unverified
bnf-f0082	c1-l038	1	Hũas	24	28	1	Hũa	Hũas	u	batch_review_unverified
bnf-f0082	c1-l047	1	ração	0	5	3	ção	ração	a	batch_review_unverified
bnf-f0082	c2-l001	1	dalgũa	32	38	4	gũa	dalgũa	u	batch_review_unverified
bnf-f0082	c2-l006	1	Algũa	6	11	3	gũa	Algũa	u	batch_review_unverified
bnf-f0082	c2-l020	1	hũas	21	25	1	hũa	hũas	u	batch_review_unverified
bnf-f0082	c2-l021	1	conjeiturão	9	20	9	rão	conjeiturão	a	batch_review_unverified
bnf-f0082	c2-l022	1	Iapão	0	5	3	pão	Iapão	a	batch_review_unverified
bnf-f0082	c2-l033	1	quẽte	0	5	2	uẽt	quẽte	e	batch_review_unverified
bnf-f0083	c1-l009	1	custumão	0	8	6	mão	custumão	a	batch_review_unverified
bnf-f0083	c1-l009	2	hũa	32	35	1	hũa	hũa	u	batch_review_unverified
bnf-f0083	c1-l012	1	mão	0	3	1	mão	mão	a	batch_review_unverified
bnf-f0083	c1-l014	1	Iapão	18	23	3	pão	Iapão	a	batch_review_unverified
bnf-f0083	c1-l019	1	coração	12	19	5	ção	coração	a	batch_review_unverified
bnf-f0083	c1-l020	1	algũa	35	40	3	gũa	algũa	u	batch_review_unverified
bnf-f0083	c1-l022	1	Não	30	33	1	Não	Não	a	batch_review_unverified
bnf-f0083	c1-l027	1	verão	35	40	3	rão	verão	a	batch_review_unverified
bnf-f0083	c1-l032	1	Lũa	8	11	1	Lũa	Lũa	u	batch_review_unverified
bnf-f0083	c1-l035	1	Reprenção	24	33	7	ção	Reprenção	a	batch_review_unverified
bnf-f0083	c1-l036	1	exortação	0	9	7	ção	exortação	a	batch_review_unverified
bnf-f0083	c1-l040	1	uão	0	3	1	uão	uão	a	batch_review_unverified
bnf-f0083	c1-l042	1	louuão	0	6	4	uão	louuão	a	batch_review_unverified
bnf-f0083	c1-l046	1	Lũa	0	3	1	Lũa	Lũa	u	batch_review_unverified
bnf-f0083	c2-l003	1	hũas	19	23	1	hũa	hũas	u	batch_review_unverified
bnf-f0083	c2-l003	2	embarcaçoẽs	24	35	9	oẽs	embarcaçoẽs	e	human_scan_confirmed
bnf-f0083	c2-l004	1	hião	11	15	2	ião	hião	a	batch_review_unverified
bnf-f0083	c2-l004	2	Iapão	19	24	3	pão	Iapão	a	batch_review_unverified
bnf-f0083	c2-l021	1	gũa	0	3	1	gũa	gũa	u	batch_review_unverified
bnf-f0083	c2-l027	1	Hũas	9	13	1	Hũa	Hũas	u	batch_review_unverified
bnf-f0083	c2-l027	2	amarrão	37	44	5	rão	amarrão	a	batch_review_unverified
bnf-f0083	c2-l029	1	naõ	6	9	2	aõ	naõ	o	human_scan_confirmed
bnf-f0083	c2-l032	1	verão	11	16	3	rão	verão	a	batch_review_unverified
bnf-f0083	c2-l035	1	quietação	4	13	7	ção	quietação	a	batch_review_unverified
bnf-f0083	c2-l045	1	ajuntão	32	39	5	tão	ajuntão	a	batch_review_unverified
bnf-f0084	c1-l007	1	algũa	4	9	3	gũa	algũa	u	human_scan_confirmed
bnf-f0084	c1-l008	1	dão	8	11	1	dão	dão	a	batch_review_unverified
bnf-f0084	c1-l012	1	ficão	3	8	3	cão	ficão	a	batch_review_unverified
bnf-f0084	c1-l015	1	nãuo	0	4	1	nãu	nãuo	a	batch_review_unverified
bnf-f0084	c1-l023	1	algũa	35	40	3	gũa	algũa	u	human_scan_confirmed
bnf-f0084	c1-l025	1	algũa	18	23	3	gũa	algũa	u	human_scan_confirmed
bnf-f0084	c1-l027	1	petiçoẽs	16	24	6	oẽs	petiçoẽs	e	human_scan_confirmed
bnf-f0084	c1-l035	1	xão	0	3	1	xão	xão	a	batch_review_unverified
bnf-f0084	c1-l035	2	quimoẽs	8	15	5	oẽs	quimoẽs	e	human_scan_confirmed
bnf-f0084	c1-l039	1	Iapão	11	16	3	pão	Iapão	a	batch_review_unverified
bnf-f0084	c1-l045	1	dão	32	35	1	dão	dão	a	batch_review_unverified
bnf-f0084	c2-l023	1	hũa	32	35	1	hũa	hũa	u	batch_review_unverified
bnf-f0085	c1-l008	1	deprecações	0	11	8	çõe	deprecações	o	batch_review_unverified
bnf-f0085	c1-l019	1	Iapão	25	30	3	pão	Iapão	a	batch_review_unverified
bnf-f0085	c1-l038	1	hũa	15	18	1	hũa	hũa	u	batch_review_unverified
bnf-f0085	c1-l040	1	não	22	25	1	não	não	a	batch_review_unverified
bnf-f0085	c1-l046	1	algũa	3	8	3	gũa	algũa	u	human_scan_confirmed
bnf-f0085	c2-l010	1	Hũa	7	10	1	Hũa	Hũa	u	batch_review_unverified
bnf-f0085	c2-l024	1	vão	20	23	1	vão	vão	a	batch_review_unverified
bnf-f0085	c2-l032	1	algũa	27	32	3	gũa	algũa	u	batch_review_unverified
bnf-f0085	c2-l034	1	algũa	27	32	3	gũa	algũa	u	batch_review_unverified
bnf-f0085	c2-l040	1	hũa	26	29	1	hũa	hũa	u	batch_review_unverified
bnf-f0085	c2-l042	1	embarcação	19	29	8	ção	embarcação	a	batch_review_unverified
bnf-f0086	c1-l009	1	algũa	21	26	3	gũa	algũa	u	batch_review_unverified
bnf-f0086	c1-l009	2	alguẽ	35	40	4	uẽ	alguẽ	e	batch_review_unverified
bnf-f0086	c1-l011	1	algũa	34	39	3	gũa	algũa	u	human_scan_confirmed
bnf-f0086	c1-l021	1	matarão	12	19	5	rão	matarão	a	batch_review_unverified
bnf-f0086	c1-l034	1	aleuantão	35	44	7	tão	aleuantão	a	batch_review_unverified
bnf-f0086	c1-l040	1	algũa	23	28	3	gũa	algũa	u	batch_review_unverified
bnf-f0086	c1-l047	1	São	19	22	1	São	São	a	batch_review_unverified
bnf-f0086	c2-l001	1	Não	22	25	1	Não	Não	a	batch_review_unverified
bnf-f0086	c2-l001	2	ſão	26	29	1	ſão	ſão	a	batch_review_unverified
bnf-f0086	c2-l007	1	Iapão	22	27	3	pão	Iapão	a	batch_review_unverified
bnf-f0086	c2-l010	1	hũa	7	10	1	hũa	hũa	u	batch_review_unverified
bnf-f0086	c2-l016	1	algũas	28	34	3	gũa	algũas	u	human_scan_confirmed
bnf-f0086	c2-l028	1	não	16	19	1	não	não	a	batch_review_unverified
bnf-f0086	c2-l029	1	alguẽ	41	46	4	uẽ	alguẽ	e	batch_review_unverified
bnf-f0086	c2-l031	1	vão	2	5	1	vão	vão	a	batch_review_unverified
bnf-f0086	c2-l031	2	aleuantaõ	27	36	8	aõ	aleuantaõ	o	human_scan_confirmed
bnf-f0087	c1-l001	1	dão	3	6	1	dão	dão	a	batch_review_unverified
bnf-f0087	c1-l005	1	verão	0	5	3	rão	verão	a	batch_review_unverified
bnf-f0087	c1-l007	1	Não	18	21	1	Não	Não	a	batch_review_unverified
bnf-f0087	c1-l012	1	dependurão	3	13	8	rão	dependurão	a	batch_review_unverified
bnf-f0087	c1-l037	1	apostão	21	28	5	tão	apostão	a	batch_review_unverified
bnf-f0087	c2-l009	1	hũa	12	15	1	hũa	hũa	u	batch_review_unverified
bnf-f0087	c2-l011	1	algũa	19	24	3	gũa	algũa	u	human_scan_confirmed
bnf-f0087	c2-l012	1	algũa	27	32	3	gũa	algũa	u	batch_review_unverified
bnf-f0087	c2-l028	1	garão	0	5	3	rão	garão	a	batch_review_unverified
bnf-f0087	c2-l036	1	farpão	0	6	4	pão	farpão	a	batch_review_unverified
bnf-f0087	c2-l037	1	farpão	27	33	4	pão	farpão	a	batch_review_unverified
bnf-f0087	c2-l041	1	hião	37	41	2	ião	hião	a	batch_review_unverified
bnf-f0087	c2-l043	1	Cordão	8	14	4	dão	Cordão	a	batch_review_unverified
bnf-f0088	c1-l002	1	girão	0	5	3	rão	girão	a	batch_review_unverified
bnf-f0088	c1-l004	1	emburulhão	24	34	8	hão	emburulhão	a	batch_review_unverified
bnf-f0088	c1-l005	1	algũa	31	36	3	gũa	algũa	u	batch_review_unverified
bnf-f0088	c1-l009	1	Romperão	9	17	6	rão	Romperão	a	batch_review_unverified
bnf-f0088	c1-l009	2	entrarão	21	29	6	rão	entrarão	a	batch_review_unverified
bnf-f0088	c1-l015	1	dauão	27	32	3	uão	dauão	a	batch_review_unverified
bnf-f0088	c1-l015	2	ferião	37	43	4	ião	ferião	a	batch_review_unverified
bnf-f0088	c1-l026	1	Iapão	15	20	3	pão	Iapão	a	batch_review_unverified
bnf-f0088	c1-l026	2	maçãas	26	32	3	çãa	maçãas	a	batch_review_unverified
bnf-f0088	c1-l027	1	Hũa	6	9	1	Hũa	Hũa	u	batch_review_unverified
bnf-f0088	c1-l034	1	algũa	23	28	3	gũa	algũa	u	human_scan_confirmed
bnf-f0088	c1-l034	2	perfeição	29	38	7	ção	perfeição	a	batch_review_unverified
bnf-f0088	c1-l038	1	fogão	34	39	3	gão	fogão	a	batch_review_unverified
bnf-f0088	c1-l041	1	não	32	35	1	não	não	a	batch_review_unverified
bnf-f0088	c1-l047	1	algũa	19	24	3	gũa	algũa	u	batch_review_unverified
bnf-f0088	c2-l001	1	poẽ	9	12	2	oẽ	poẽ	e	human_scan_confirmed
bnf-f0088	c2-l003	1	algũa	39	44	3	gũa	algũa	u	batch_review_unverified
bnf-f0088	c2-l004	1	mãos	26	30	1	mão	mãos	a	batch_review_unverified
bnf-f0088	c2-l013	1	hũas	6	10	1	hũa	hũas	u	batch_review_unverified
bnf-f0088	c2-l019	1	paſſarão	32	40	6	rão	paſſarão	a	batch_review_unverified
bnf-f0088	c2-l020	1	erão	14	18	2	rão	erão	a	batch_review_unverified
bnf-f0088	c2-l023	1	mãos	3	7	1	mão	mãos	a	batch_review_unverified
bnf-f0088	c2-l025	1	algũa	35	40	3	gũa	algũa	u	batch_review_unverified
bnf-f0088	c2-l027	1	eſcreuẽdo	30	39	6	uẽd	eſcreuẽdo	e	batch_review_unverified
bnf-f0088	c2-l028	1	algũa	30	35	3	gũa	algũa	u	batch_review_unverified
bnf-f0088	c2-l029	1	amão	7	11	2	mão	amão	a	batch_review_unverified
bnf-f0088	c2-l030	1	algũa	31	36	3	gũa	algũa	u	batch_review_unverified
bnf-f0088	c2-l032	1	gũa	0	3	1	gũa	gũa	u	batch_review_unverified
bnf-f0089	c1-l010	1	estauão	20	27	5	uão	estauão	a	batch_review_unverified
bnf-f0089	c1-l011	1	não	34	37	1	não	não	a	batch_review_unverified
bnf-f0089	c1-l012	1	tinguião	0	8	6	ião	tinguião	a	batch_review_unverified
bnf-f0089	c1-l016	1	alguã	33	38	4	uã	alguã	a	batch_review_unverified
bnf-f0089	c1-l018	1	algũa	26	31	3	gũa	algũa	u	human_scan_confirmed
bnf-f0089	c1-l019	1	mãos	13	17	1	mão	mãos	a	batch_review_unverified
bnf-f0089	c1-l024	1	mãos	4	8	1	mão	mãos	a	batch_review_unverified
bnf-f0089	c1-l030	1	algũa	4	9	3	gũa	algũa	u	human_scan_confirmed
bnf-f0089	c1-l030	2	Iapão	32	37	3	pão	Iapão	a	batch_review_unverified
bnf-f0089	c1-l031	1	algũa	28	33	3	gũa	algũa	u	human_scan_confirmed
bnf-f0089	c1-l032	1	algũa	28	33	3	gũa	algũa	u	human_scan_confirmed
bnf-f0089	c1-l036	1	ração	0	5	3	ção	ração	a	batch_review_unverified
bnf-f0089	c1-l044	1	mão	0	3	1	mão	mão	a	batch_review_unverified
bnf-f0089	c1-l046	1	mão	0	3	1	mão	mão	a	batch_review_unverified
bnf-f0089	c1-l046	2	ceẽ	20	23	2	eẽ	ceẽ	e	batch_review_unverified
bnf-f0089	c2-l001	1	gũa	0	3	1	gũa	gũa	u	batch_review_unverified
bnf-f0089	c2-l001	2	mãos	14	18	1	mão	mãos	a	batch_review_unverified
bnf-f0089	c2-l012	1	mãos	3	7	1	mão	mãos	a	batch_review_unverified
bnf-f0089	c2-l016	1	Iapão	22	27	3	pão	Iapão	a	batch_review_unverified
bnf-f0089	c2-l017	1	algũa	30	35	3	gũa	algũa	u	human_scan_confirmed
bnf-f0089	c2-l019	1	algũa	25	30	3	gũa	algũa	u	human_scan_confirmed
bnf-f0089	c2-l032	1	mão	41	44	1	mão	mão	a	batch_review_unverified
bnf-f0089	c2-l037	1	algũa	14	19	3	gũa	algũa	u	human_scan_confirmed
bnf-f0089	c2-l043	1	recreação	10	19	7	ção	recreação	a	batch_review_unverified
bnf-f0089	c2-l043	2	não	21	24	1	não	não	a	batch_review_unverified
bnf-f0089	c2-l045	1	chão	27	31	2	hão	chão	a	batch_review_unverified
bnf-f0089	c2-l046	1	mãos	9	13	1	mão	mãos	a	batch_review_unverified
bnf-f0089	c2-l047	1	Puzerão	16	23	5	rão	Puzerão	a	batch_review_unverified
bnf-f0089	c2-l047	2	chão	36	40	2	hão	chão	a	batch_review_unverified
bnf-f0090	c1-l003	1	algũa	41	46	3	gũa	algũa	u	batch_review_unverified
bnf-f0090	c1-l017	1	algũa	0	5	3	gũa	algũa	u	batch_review_unverified
bnf-f0090	c1-l021	1	algũa	0	5	3	gũa	algũa	u	batch_review_unverified
bnf-f0090	c1-l023	1	algũa	0	5	3	gũa	algũa	u	batch_review_unverified
bnf-f0090	c1-l028	1	alguã	4	9	4	uã	alguã	a	batch_review_unverified
bnf-f0090	c1-l030	1	hũa	18	21	1	hũa	hũa	u	batch_review_unverified
bnf-f0090	c1-l033	1	algũa	34	39	3	gũa	algũa	u	human_scan_confirmed
bnf-f0090	c1-l035	1	algũa	4	9	3	gũa	algũa	u	batch_review_unverified
bnf-f0090	c1-l037	1	mão	12	15	1	mão	mão	a	batch_review_unverified
bnf-f0090	c1-l040	1	gũa	0	3	1	gũa	gũa	u	batch_review_unverified
bnf-f0090	c2-l001	1	mãos	27	31	1	mão	mãos	a	batch_review_unverified
bnf-f0090	c2-l001	2	algũa	34	39	3	gũa	algũa	u	human_scan_confirmed
bnf-f0090	c2-l003	1	mãos	8	12	1	mão	mãos	a	batch_review_unverified
bnf-f0090	c2-l003	2	algũas	33	39	3	gũa	algũas	u	human_scan_confirmed
bnf-f0090	c2-l004	1	chão	21	25	2	hão	chão	a	batch_review_unverified
bnf-f0090	c2-l006	1	mãos	0	4	1	mão	mãos	a	batch_review_unverified
bnf-f0090	c2-l007	1	Iapão	38	43	3	pão	Iapão	a	batch_review_unverified
bnf-f0090	c2-l016	1	dalgũa	12	18	4	gũa	dalgũa	u	human_scan_confirmed
bnf-f0090	c2-l017	1	xão	0	3	1	xão	xão	a	batch_review_unverified
bnf-f0090	c2-l017	2	leuão	8	13	3	uão	leuão	a	batch_review_unverified
bnf-f0090	c2-l017	3	algũa	19	24	3	gũa	algũa	u	human_scan_confirmed
bnf-f0090	c2-l019	1	Poſpoſição	6	16	8	ção	Poſpoſição	a	batch_review_unverified
bnf-f0090	c2-l024	1	algũa	35	40	3	gũa	algũa	u	human_scan_confirmed
bnf-f0090	c2-l027	1	Cõuida	35	41	1	Cõu	Cõuida	o	batch_review_unverified
bnf-f0090	c2-l030	1	cação	0	5	3	ção	cação	a	batch_review_unverified
bnf-f0090	c2-l042	1	fundição	31	39	6	ção	fundição	a	batch_review_unverified
bnf-f0091	c1-l002	1	hũa	19	22	1	hũa	hũa	u	batch_review_unverified
bnf-f0091	c1-l003	1	Iapão	24	29	3	pão	Iapão	a	batch_review_unverified
bnf-f0091	c1-l005	1	Hũa	9	12	1	Hũa	Hũa	u	batch_review_unverified
bnf-f0091	c1-l007	1	pintão	25	31	4	tão	pintão	a	batch_review_unverified
bnf-f0091	c1-l013	1	algũa	0	5	3	gũa	algũa	u	human_scan_confirmed
bnf-f0091	c1-l013	2	não	15	18	1	não	não	a	batch_review_unverified
bnf-f0091	c1-l018	1	algũa	38	43	3	gũa	algũa	u	batch_review_unverified
bnf-f0091	c1-l020	1	çoẽs	0	4	2	oẽs	çoẽs	e	human_scan_confirmed
bnf-f0091	c1-l020	2	unão	37	41	2	não	unão	a	batch_review_unverified
bnf-f0091	c1-l022	1	inuenções	22	31	6	çõe	inuenções	o	batch_review_unverified
bnf-f0091	c1-l023	1	ſejão	16	21	3	jão	ſejão	a	batch_review_unverified
bnf-f0091	c1-l026	1	Algũas	21	27	3	gũa	Algũas	u	batch_review_unverified
bnf-f0091	c1-l028	1	Caixão	11	17	4	xão	Caixão	a	batch_review_unverified
bnf-f0091	c1-l039	1	não	6	9	1	não	não	a	batch_review_unverified
bnf-f0091	c1-l044	1	verão	30	35	3	rão	verão	a	batch_review_unverified
bnf-f0091	c1-l046	1	aſſentão	13	21	6	tão	aſſentão	a	batch_review_unverified
bnf-f0091	c2-l011	1	detraição	16	25	7	ção	detraição	a	batch_review_unverified
bnf-f0091	c2-l012	1	algũa	9	14	3	gũa	algũa	u	human_scan_confirmed
bnf-f0091	c2-l019	1	desfeição	30	39	7	ção	desfeição	a	batch_review_unverified
bnf-f0091	c2-l023	1	algũa	28	33	3	gũa	algũa	u	batch_review_unverified
bnf-f0091	c2-l026	1	algũa	32	37	3	gũa	algũa	u	human_scan_confirmed
bnf-f0091	c2-l040	1	Hũa	13	16	1	Hũa	Hũa	u	batch_review_unverified
bnf-f0091	c2-l046	1	feição	41	47	4	ção	feição	a	batch_review_unverified
bnf-f0092	c1-l001	1	meloẽs	23	29	4	oẽs	meloẽs	e	human_scan_confirmed
bnf-f0092	c1-l002	1	pilão	37	42	3	lão	pilão	a	batch_review_unverified
bnf-f0092	c1-l006	1	algũa	10	15	3	gũa	algũa	u	human_scan_confirmed
bnf-f0092	c1-l011	1	não	35	38	1	não	não	a	batch_review_unverified
bnf-f0092	c1-l011	2	ſão	39	42	1	ſão	ſão	a	batch_review_unverified
bnf-f0092	c1-l019	1	Hũa	13	16	1	Hũa	Hũa	u	batch_review_unverified
bnf-f0092	c1-l021	1	ſarmão	16	22	4	mão	ſarmão	a	batch_review_unverified
bnf-f0092	c1-l029	1	Hũa	10	13	1	Hũa	Hũa	u	batch_review_unverified
bnf-f0092	c1-l035	1	vão	0	3	1	vão	vão	a	batch_review_unverified
bnf-f0092	c1-l047	1	não	4	7	1	não	não	a	batch_review_unverified
bnf-f0092	c1-l047	2	ſão	8	11	1	ſão	ſão	a	batch_review_unverified
bnf-f0092	c2-l015	1	algũa	16	21	3	gũa	algũa	u	human_scan_confirmed
bnf-f0092	c2-l016	1	algũas	23	29	3	gũa	algũas	u	human_scan_confirmed
bnf-f0092	c2-l033	1	vão	7	10	1	vão	vão	a	batch_review_unverified
bnf-f0092	c2-l043	1	quã	41	44	2	uã	quã	a	batch_review_unverified
bnf-f0092	c2-l044	1	rábão	22	27	3	bão	rábão	a	batch_review_unverified
bnf-f0093	c1-l016	1	meãs	3	7	2	eãs	meãs	a	batch_review_unverified
bnf-f0093	c1-l021	1	ſegarão	15	22	5	rão	ſegarão	a	batch_review_unverified
bnf-f0093	c1-l021	2	recolherão	26	36	8	rão	recolherão	a	batch_review_unverified
bnf-f0093	c1-l026	1	Hũa	10	13	1	Hũa	Hũa	u	batch_review_unverified
bnf-f0093	c1-l027	1	hũa	15	18	1	hũa	hũa	u	batch_review_unverified
bnf-f0093	c1-l029	1	Bordão	11	17	4	dão	Bordão	a	batch_review_unverified
bnf-f0093	c1-l029	2	leuão	22	27	3	uão	leuão	a	batch_review_unverified
bnf-f0093	c1-l030	1	falcão	3	9	4	cão	falcão	a	batch_review_unverified
bnf-f0093	c1-l039	1	Caixão	8	14	4	xão	Caixão	a	batch_review_unverified
bnf-f0093	c1-l039	2	Iapão	18	23	3	pão	Iapão	a	batch_review_unverified
bnf-f0093	c1-l040	1	Hũa	10	13	1	Hũa	Hũa	u	batch_review_unverified
bnf-f0093	c1-l044	1	hũa	17	20	1	hũa	hũa	u	batch_review_unverified
bnf-f0093	c1-l045	1	aſſentão	19	27	6	tão	aſſentão	a	batch_review_unverified
bnf-f0093	c1-l046	1	amarrão	5	12	5	rão	amarrão	a	batch_review_unverified
bnf-f0093	c2-l012	1	algũa	21	26	3	gũa	algũa	u	batch_review_unverified
bnf-f0093	c2-l029	1	algũa	4	9	3	gũa	algũa	u	batch_review_unverified
bnf-f0093	c2-l031	1	algũa	8	13	3	gũa	algũa	u	human_scan_confirmed
bnf-f0093	c2-l034	1	algũa	10	15	3	gũa	algũa	u	batch_review_unverified
bnf-f0093	c2-l041	1	não	18	21	1	não	não	a	batch_review_unverified
bnf-f0093	c2-l046	1	hũa	8	11	1	hũa	hũa	u	batch_review_unverified
bnf-f0094	c1-l005	1	Estauão	24	31	5	uão	Estauão	a	batch_review_unverified
bnf-f0094	c1-l006	1	cortarão	7	15	6	rão	cortarão	a	batch_review_unverified
bnf-f0094	c1-l010	1	Vão	5	8	1	Vão	Vão	a	batch_review_unverified
bnf-f0094	c1-l018	1	Hũa	19	22	1	Hũa	Hũa	u	batch_review_unverified
bnf-f0094	c1-l030	1	dalgũa	38	44	4	gũa	dalgũa	u	human_scan_confirmed
bnf-f0094	c1-l036	1	Iapão	9	14	3	pão	Iapão	a	batch_review_unverified
bnf-f0094	c2-l001	1	mão	33	36	1	mão	mão	a	batch_review_unverified
bnf-f0094	c2-l002	1	gũa	0	3	1	gũa	gũa	u	batch_review_unverified
bnf-f0094	c2-l009	1	não	24	27	1	não	não	a	batch_review_unverified
bnf-f0094	c2-l010	1	rezão	28	33	3	zão	rezão	a	batch_review_unverified
bnf-f0094	c2-l011	1	algũa	27	32	3	gũa	algũa	u	batch_review_unverified
bnf-f0094	c2-l014	1	quã	38	41	2	uã	quã	a	batch_review_unverified
bnf-f0094	c2-l026	1	boyão	32	37	3	yão	boyão	a	batch_review_unverified
bnf-f0094	c2-l027	1	Hũa	8	11	1	Hũa	Hũa	u	batch_review_unverified
bnf-f0094	c2-l027	2	nuuẽs	36	41	3	uẽs	nuuẽs	e	batch_review_unverified
bnf-f0094	c2-l028	1	Iapão	25	30	3	pão	Iapão	a	batch_review_unverified
bnf-f0094	c2-l033	1	erão	11	15	2	rão	erão	a	batch_review_unverified
bnf-f0094	c2-l044	1	algũas	6	12	3	gũa	algũas	u	batch_review_unverified
bnf-f0095	c1-l002	1	Não	7	10	1	Não	Não	a	batch_review_unverified
bnf-f0095	c1-l004	1	Hũa	10	13	1	Hũa	Hũa	u	batch_review_unverified
bnf-f0095	c1-l004	2	gẽa	22	25	1	gẽa	gẽa	e	batch_review_unverified
bnf-f0095	c1-l005	1	não	41	44	1	não	não	a	batch_review_unverified
bnf-f0095	c1-l007	1	verão	9	14	3	rão	verão	a	batch_review_unverified
bnf-f0095	c1-l014	1	Iapão	33	38	3	pão	Iapão	a	batch_review_unverified
bnf-f0095	c1-l015	1	Hũa	10	13	1	Hũa	Hũa	u	batch_review_unverified
bnf-f0095	c1-l016	1	tão	0	3	1	tão	tão	a	batch_review_unverified
bnf-f0095	c1-l016	2	beõbus	18	24	2	eõb	beõbus	o	batch_review_unverified
bnf-f0095	c1-l019	1	condição	17	25	6	ção	condição	a	batch_review_unverified
bnf-f0095	c1-l026	1	Hũa	11	14	1	Hũa	Hũa	u	batch_review_unverified
bnf-f0095	c1-l026	2	contão	37	43	4	tão	contão	a	batch_review_unverified
bnf-f0095	c1-l036	1	algũa	10	15	3	gũa	algũa	u	human_scan_confirmed
bnf-f0095	c1-l036	2	não	34	37	1	não	não	a	batch_review_unverified
bnf-f0095	c1-l039	1	algũa	0	5	3	gũa	algũa	u	human_scan_confirmed
bnf-f0095	c1-l039	2	dalgũa	21	27	4	gũa	dalgũa	u	batch_review_unverified
bnf-f0095	c1-l041	1	Hũa	11	14	1	Hũa	Hũa	u	batch_review_unverified
bnf-f0095	c1-l042	1	hũa	28	31	1	hũa	hũa	u	batch_review_unverified
bnf-f0095	c1-l043	1	não	4	7	1	não	não	a	batch_review_unverified
bnf-f0095	c1-l045	1	hũa	34	37	1	hũa	hũa	u	batch_review_unverified
bnf-f0095	c2-l001	1	Hũa	10	13	1	Hũa	Hũa	u	batch_review_unverified
bnf-f0095	c2-l002	1	hũa	7	10	1	hũa	hũa	u	batch_review_unverified
bnf-f0095	c2-l005	1	Iapoẽs	9	15	4	oẽs	Iapoẽs	e	human_scan_confirmed
bnf-f0095	c2-l005	2	Hũa	25	28	1	Hũa	Hũa	u	batch_review_unverified
bnf-f0095	c2-l007	1	hũa	36	39	1	hũa	hũa	u	batch_review_unverified
bnf-f0095	c2-l008	1	Hũa	33	36	1	Hũa	Hũa	u	batch_review_unverified
bnf-f0095	c2-l010	1	hũa	15	18	1	hũa	hũa	u	batch_review_unverified
bnf-f0095	c2-l018	1	Hũa	11	14	1	Hũa	Hũa	u	batch_review_unverified
bnf-f0095	c2-l025	1	algũa	8	13	3	gũa	algũa	u	human_scan_confirmed
bnf-f0095	c2-l033	1	Iapão	31	36	3	pão	Iapão	a	batch_review_unverified
bnf-f0095	c2-l035	1	Hũa	10	13	1	Hũa	Hũa	u	batch_review_unverified
bnf-f0095	c2-l035	2	hũa	24	27	1	hũa	hũa	u	batch_review_unverified
bnf-f0095	c2-l036	1	Hũa	9	12	1	Hũa	Hũa	u	batch_review_unverified
bnf-f0095	c2-l037	1	quimões	22	29	4	mõe	quimões	o	batch_review_unverified
bnf-f0095	c2-l039	1	Hũa	10	13	1	Hũa	Hũa	u	batch_review_unverified
bnf-f0095	c2-l046	1	hũa	12	15	1	hũa	hũa	u	batch_review_unverified
bnf-f0095	catch-l001	1	gũa	0	3	1	gũa	gũa	u	batch_review_unverified
bnf-f0096	c1-l001	1	gũa	0	3	1	gũa	gũa	u	batch_review_unverified
bnf-f0096	c1-l001	2	hũa	25	28	1	hũa	hũa	u	batch_review_unverified
bnf-f0096	c1-l002	1	hũa	37	40	1	hũa	hũa	u	batch_review_unverified
bnf-f0096	c1-l005	1	mão	0	3	1	mão	mão	a	batch_review_unverified
bnf-f0096	c1-l014	1	ſenſão	24	30	4	ſão	ſenſão	a	batch_review_unverified
bnf-f0096	c1-l017	1	algũa	15	20	3	gũa	algũa	u	batch_review_unverified
bnf-f0096	c1-l019	1	algũa	33	38	3	gũa	algũa	u	batch_review_unverified
bnf-f0096	c1-l020	1	Hũa	8	11	1	Hũa	Hũa	u	batch_review_unverified
bnf-f0096	c1-l022	1	hũa	8	11	1	hũa	hũa	u	batch_review_unverified
bnf-f0096	c1-l026	1	hũa	34	37	1	hũa	hũa	u	batch_review_unverified
bnf-f0096	c1-l033	1	Vnmeĩ	29	34	4	eĩ	Vnmeĩ	i	batch_review_unverified
bnf-f0096	c1-l042	1	Iapão	18	23	3	pão	Iapão	a	batch_review_unverified
bnf-f0096	c2-l012	1	leuão	30	35	3	uão	leuão	a	batch_review_unverified
bnf-f0096	c2-l013	1	hũa	21	24	1	hũa	hũa	u	batch_review_unverified
bnf-f0096	c2-l015	1	hũa	36	39	1	hũa	hũa	u	batch_review_unverified
bnf-f0096	c2-l024	1	vſão	14	18	2	ſão	vſão	a	batch_review_unverified
bnf-f0096	c2-l029	1	hũa	26	29	1	hũa	hũa	u	batch_review_unverified
bnf-f0096	c2-l031	1	hũa	3	6	1	hũa	hũa	u	batch_review_unverified
bnf-f0096	c2-l032	1	hũa	27	30	1	hũa	hũa	u	batch_review_unverified
bnf-f0096	c2-l037	1	Conuerſação	9	20	9	ção	Conuerſação	a	batch_review_unverified
bnf-f0097	c1-l009	1	algũa	34	39	3	gũa	algũa	u	batch_review_unverified
bnf-f0097	c1-l020	1	hũa	20	23	1	hũa	hũa	u	batch_review_unverified
bnf-f0097	c1-l021	1	hũa	34	37	1	hũa	hũa	u	batch_review_unverified
bnf-f0097	c1-l023	1	hũa	39	42	1	hũa	hũa	u	batch_review_unverified
bnf-f0097	c1-l025	1	Hũa	10	13	1	Hũa	Hũa	u	batch_review_unverified
bnf-f0097	c1-l026	1	Hũa	10	13	1	Hũa	Hũa	u	batch_review_unverified
bnf-f0097	c1-l029	1	não	23	26	1	não	não	a	batch_review_unverified
bnf-f0097	c1-l029	2	não	37	40	1	não	não	a	batch_review_unverified
bnf-f0097	c1-l033	1	afflição	0	8	6	ção	afflição	a	batch_review_unverified
bnf-f0097	c1-l035	1	Boyãozinho	11	21	3	yão	Boyãozinho	a	batch_review_unverified
bnf-f0097	c1-l037	1	Hũa	8	11	1	Hũa	Hũa	u	batch_review_unverified
bnf-f0097	c1-l037	2	mão	12	15	1	mão	mão	a	batch_review_unverified
bnf-f0097	c1-l040	1	Aleijão	8	15	5	jão	Aleijão	a	batch_review_unverified
bnf-f0097	c1-l042	1	hũa	37	40	1	hũa	hũa	u	batch_review_unverified
bnf-f0097	c1-l043	1	não	9	12	1	não	não	a	batch_review_unverified
bnf-f0097	c1-l047	1	Hũa	10	13	1	Hũa	Hũa	u	batch_review_unverified
bnf-f0097	c2-l001	1	hũa	12	15	1	hũa	hũa	u	batch_review_unverified
bnf-f0097	c2-l001	2	dalgũa	32	38	4	gũa	dalgũa	u	batch_review_unverified
bnf-f0097	c2-l005	1	Hũa	13	16	1	Hũa	Hũa	u	batch_review_unverified
bnf-f0097	c2-l007	1	hũa	22	25	1	hũa	hũa	u	batch_review_unverified
bnf-f0097	c2-l008	1	Hũa	12	15	1	Hũa	Hũa	u	batch_review_unverified
bnf-f0097	c2-l009	1	não	25	28	1	não	não	a	batch_review_unverified
bnf-f0097	c2-l009	2	deixão	29	35	4	xão	deixão	a	batch_review_unverified
bnf-f0097	c2-l010	1	dão	25	28	1	dão	dão	a	batch_review_unverified
bnf-f0097	c2-l010	2	não	42	45	1	não	não	a	batch_review_unverified
bnf-f0097	c2-l013	1	hũa	22	25	1	hũa	hũa	u	batch_review_unverified
bnf-f0097	c2-l015	1	hũa	8	11	1	hũa	hũa	u	batch_review_unverified
bnf-f0097	c2-l015	2	não	21	24	1	não	não	a	batch_review_unverified
bnf-f0097	c2-l016	1	algũa	19	24	3	gũa	algũa	u	human_scan_confirmed
bnf-f0097	c2-l018	1	não	36	39	1	não	não	a	batch_review_unverified
bnf-f0097	c2-l019	1	Hũa	14	17	1	Hũa	Hũa	u	batch_review_unverified
bnf-f0097	c2-l019	2	contão	40	46	4	tão	contão	a	batch_review_unverified
bnf-f0097	c2-l021	1	não	0	3	1	não	não	a	batch_review_unverified
bnf-f0097	c2-l021	2	irmão	7	12	3	mão	irmão	a	batch_review_unverified
bnf-f0097	c2-l027	1	hũa	28	31	1	hũa	hũa	u	batch_review_unverified
bnf-f0097	c2-l034	1	Pouoação	14	22	6	ção	Pouoação	a	batch_review_unverified
bnf-f0097	c2-l035	1	hũa	32	35	1	hũa	hũa	u	batch_review_unverified
bnf-f0097	c2-l037	1	não	23	26	1	não	não	a	batch_review_unverified
bnf-f0097	c2-l037	2	ſão	27	30	1	ſão	ſão	a	batch_review_unverified
bnf-f0097	c2-l039	1	não	39	42	1	não	não	a	batch_review_unverified
bnf-f0097	c2-l039	2	ſão	43	46	1	ſão	ſão	a	batch_review_unverified
bnf-f0097	c2-l041	1	hũa	33	36	1	hũa	hũa	u	batch_review_unverified
bnf-f0097	c2-l042	1	hũa	27	30	1	hũa	hũa	u	batch_review_unverified
bnf-f0097	c2-l045	1	jogão	37	42	3	gão	jogão	a	batch_review_unverified
bnf-f0097	c2-l046	1	ſão	0	3	1	ſão	ſão	a	batch_review_unverified
bnf-f0097	c2-l046	2	nalgũa	14	20	4	gũa	nalgũa	u	human_scan_confirmed
bnf-f0097	c2-l047	1	hũa	40	43	1	hũa	hũa	u	batch_review_unverified
bnf-f0098	c1-l002	1	algũa	21	26	3	gũa	algũa	u	human_scan_confirmed
bnf-f0098	c1-l006	1	Hũa	8	11	1	Hũa	Hũa	u	batch_review_unverified
bnf-f0098	c1-l008	1	hũa	4	7	1	hũa	hũa	u	batch_review_unverified
bnf-f0098	c1-l008	2	hũa	22	25	1	hũa	hũa	u	batch_review_unverified
bnf-f0098	c1-l008	3	hũa	33	36	1	hũa	hũa	u	batch_review_unverified
bnf-f0098	c1-l015	1	algũo	33	38	3	gũo	algũo	u	batch_review_unverified
bnf-f0098	c1-l017	1	Hũa	9	12	1	Hũa	Hũa	u	batch_review_unverified
bnf-f0098	c1-l018	1	hũa	18	21	1	hũa	hũa	u	batch_review_unverified
bnf-f0098	c1-l021	1	nenhũa	17	23	4	hũa	nenhũa	u	batch_review_unverified
bnf-f0098	c1-l024	1	hũa	21	24	1	hũa	hũa	u	batch_review_unverified
bnf-f0098	c1-l024	2	hũa	37	40	1	hũa	hũa	u	batch_review_unverified
bnf-f0098	c1-l033	1	Iiẽ	34	37	2	iẽ	Iiẽ	e	batch_review_unverified
bnf-f0098	c1-l034	1	algũa	25	30	3	gũa	algũa	u	human_scan_confirmed
bnf-f0098	c1-l037	1	Iapão	17	22	3	pão	Iapão	a	batch_review_unverified
bnf-f0098	c1-l047	1	ladrão	33	39	4	rão	ladrão	a	batch_review_unverified
bnf-f0098	c2-l003	1	feição	17	23	4	ção	feição	a	batch_review_unverified
bnf-f0098	c2-l004	1	feição	28	34	4	ção	feição	a	batch_review_unverified
bnf-f0098	c2-l007	1	guardão	21	28	5	dão	guardão	a	batch_review_unverified
bnf-f0098	c2-l009	1	mão	9	12	1	mão	mão	a	batch_review_unverified
bnf-f0098	c2-l010	1	mão	30	33	1	mão	mão	a	batch_review_unverified
bnf-f0098	c2-l021	1	Calçoẽs	12	19	5	oẽs	Calçoẽs	e	human_scan_confirmed
bnf-f0098	c2-l025	1	Embarcação	10	20	8	ção	Embarcação	a	batch_review_unverified
bnf-f0098	c2-l035	1	Hũa	13	16	1	Hũa	Hũa	u	batch_review_unverified
bnf-f0098	c2-l039	1	feição	14	20	4	ção	feição	a	batch_review_unverified
bnf-f0098	c2-l040	1	Iapão	0	5	3	pão	Iapão	a	batch_review_unverified
bnf-f0098	c2-l045	1	uantão	0	6	4	tão	uantão	a	batch_review_unverified
bnf-f0099	c1-l004	1	compaixão	21	30	7	xão	compaixão	a	batch_review_unverified
bnf-f0099	c1-l006	1	paixão	0	6	4	xão	paixão	a	batch_review_unverified
bnf-f0099	c1-l006	2	compaixão	17	26	7	xão	compaixão	a	batch_review_unverified
bnf-f0099	c1-l011	1	algũa	22	27	3	gũa	algũa	u	batch_review_unverified
bnf-f0099	c1-l017	1	ficão	37	42	3	cão	ficão	a	batch_review_unverified
bnf-f0099	c1-l045	1	algũa	17	22	3	gũa	algũa	u	batch_review_unverified
bnf-f0099	c2-l007	1	mãos	21	25	1	mão	mãos	a	batch_review_unverified
bnf-f0099	c2-l013	1	Gastão	15	21	4	tão	Gastão	a	batch_review_unverified
bnf-f0099	c2-l029	1	Hũa	10	13	1	Hũa	Hũa	u	batch_review_unverified
bnf-f0099	c2-l035	1	Camarão	10	17	5	rão	Camarão	a	batch_review_unverified
bnf-f0100	c1-l002	1	algũa	0	5	3	gũa	algũa	u	batch_review_unverified
bnf-f0100	c1-l003	1	Niũô	23	27	2	iũô	Niũô	u	batch_review_unverified
bnf-f0100	c1-l006	1	hũa	29	32	1	hũa	hũa	u	batch_review_unverified
bnf-f0100	c1-l015	1	Hũa	6	9	1	Hũa	Hũa	u	batch_review_unverified
bnf-f0100	c1-l018	1	estão	28	33	3	tão	estão	a	batch_review_unverified
bnf-f0100	c1-l040	1	algũa	18	23	3	gũa	algũa	u	human_scan_confirmed
bnf-f0100	c2-l009	1	dalguẽ	18	24	5	uẽ	dalguẽ	e	batch_review_unverified
bnf-f0100	c2-l009	2	mãos	31	35	1	mão	mãos	a	batch_review_unverified
bnf-f0100	c2-l009	3	chão	39	43	2	hão	chão	a	batch_review_unverified
bnf-f0100	c2-l014	1	Hũa	7	10	1	Hũa	Hũa	u	batch_review_unverified
bnf-f0100	c2-l020	1	trauão	34	40	4	uão	trauão	a	human_scan_confirmed
bnf-f0100	c2-l026	1	nacião	5	11	4	ião	nacião	a	batch_review_unverified
bnf-f0100	c2-l033	1	Não	14	17	1	Não	Não	a	batch_review_unverified
bnf-f0100	c2-l034	1	não	7	10	1	não	não	a	batch_review_unverified
bnf-f0100	c2-l034	2	cozião	11	17	4	ião	cozião	a	batch_review_unverified
bnf-f0101	c1-l010	1	rão	0	3	1	rão	rão	a	batch_review_unverified
bnf-f0101	c1-l014	1	algũa	26	31	3	gũa	algũa	u	batch_review_unverified
bnf-f0101	c1-l015	1	dedução	16	23	5	ção	dedução	a	batch_review_unverified
bnf-f0101	c1-l024	1	crião	31	36	3	ião	crião	a	batch_review_unverified
bnf-f0101	c1-l026	1	deixão	0	6	4	xão	deixão	a	batch_review_unverified
bnf-f0101	c1-l026	2	hũa	19	22	1	hũa	hũa	u	batch_review_unverified
bnf-f0101	c1-l027	1	hão	16	19	1	hão	hão	a	batch_review_unverified
bnf-f0101	c1-l029	1	Pauelhão	12	20	6	hão	Pauelhão	a	batch_review_unverified
bnf-f0101	c1-l031	1	Hũa	6	9	1	Hũa	Hũa	u	batch_review_unverified
bnf-f0101	c1-l032	1	verão	28	33	3	rão	verão	a	batch_review_unverified
bnf-f0101	c1-l038	1	hũa	16	19	1	hũa	hũa	u	batch_review_unverified
bnf-f0101	c1-l043	1	armão	36	41	3	mão	armão	a	batch_review_unverified
bnf-f0101	c1-l044	1	pauelhão	2	10	6	hão	pauelhão	a	batch_review_unverified
bnf-f0101	c2-l021	1	pintiãos	0	8	5	ião	pintiãos	a	batch_review_unverified
bnf-f0101	c2-l022	1	pintiãos	28	36	5	ião	pintiãos	a	batch_review_unverified
bnf-f0101	c2-l031	1	eſtauão	20	27	5	uão	eſtauão	a	batch_review_unverified
bnf-f0101	c2-l032	1	traição	8	15	5	ção	traição	a	batch_review_unverified
bnf-f0101	c2-l044	1	Repetição	0	9	7	ção	Repetição	a	batch_review_unverified
bnf-f0101	c2-l046	1	Hũa	20	23	1	Hũa	Hũa	u	batch_review_unverified
bnf-f0102	c1-l003	1	cõuerteos	11	20	1	cõu	cõuerteos	o	batch_review_unverified
bnf-f0102	c1-l007	1	botauão	3	10	5	uão	botauão	a	batch_review_unverified
bnf-f0102	c1-l011	1	Iiẽ	34	37	2	iẽ	Iiẽ	e	batch_review_unverified
bnf-f0102	c1-l012	1	algũa	7	12	3	ũa	algũa	u	machine_scan_corrected
bnf-f0102	c1-l016	1	calções	33	40	4	çõe	calções	o	batch_review_unverified
bnf-f0102	c1-l020	1	calções	0	7	4	çõe	calções	o	batch_review_unverified
bnf-f0102	c1-l021	1	golſão	27	33	4	ſão	golſão	a	batch_review_unverified
bnf-f0102	c1-l024	1	Não	11	14	1	Não	Não	a	batch_review_unverified
bnf-f0102	c1-l025	1	cações	0	6	3	çõe	cações	o	batch_review_unverified
bnf-f0102	c1-l034	1	comechão	4	12	6	hão	comechão	a	batch_review_unverified
bnf-f0102	c1-l036	1	meçhão	0	6	4	hão	meçhão	a	batch_review_unverified
bnf-f0102	c1-l037	1	Comechão	8	16	6	hão	Comechão	a	batch_review_unverified
bnf-f0102	c1-l039	1	não	29	32	1	não	não	a	batch_review_unverified
bnf-f0102	c1-l040	1	não	8	11	1	não	não	a	batch_review_unverified
bnf-f0102	c1-l043	1	chão	0	4	2	hão	chão	a	batch_review_unverified
bnf-f0102	c1-l044	1	não	22	25	1	não	não	a	batch_review_unverified
bnf-f0102	c2-l008	1	não	40	43	1	não	não	a	batch_review_unverified
bnf-f0102	c2-l009	1	Hũa	28	31	1	Hũa	Hũa	u	batch_review_unverified
bnf-f0102	c2-l012	1	armação	22	29	5	ção	armação	a	batch_review_unverified
bnf-f0102	c2-l016	1	armação	15	22	5	ção	armação	a	batch_review_unverified
bnf-f0102	c2-l019	1	hũas	30	34	1	hũa	hũas	u	batch_review_unverified
bnf-f0102	c2-l020	1	vſão	31	35	2	ſão	vſão	a	batch_review_unverified
bnf-f0102	c2-l025	1	embarcação	33	43	8	ção	embarcação	a	batch_review_unverified
bnf-f0102	c2-l028	1	algũa	0	5	3	gũa	algũa	u	batch_review_unverified
bnf-f0102	c2-l031	1	não	35	38	1	não	não	a	batch_review_unverified
bnf-f0102	c2-l033	1	embarcação	0	10	8	ção	embarcação	a	batch_review_unverified
bnf-f0102	c2-l038	1	Ladrão	24	30	4	rão	Ladrão	a	batch_review_unverified
bnf-f0102	c2-l040	1	ladrão	14	20	4	rão	ladrão	a	batch_review_unverified
bnf-f0103	c1a-l002	1	algũa	14	19	3	gũa	algũa	u	batch_review_unverified
bnf-f0103	c1a-l004	1	algũa	11	16	3	gũa	algũa	u	batch_review_unverified
bnf-f0103	c1a-l006	1	hũa	17	20	1	hũa	hũa	u	batch_review_unverified
bnf-f0103	c1a-l013	1	algũa	17	22	3	ũa	algũa	u	machine_scan_corrected
bnf-f0103	c1a-l017	1	algũa	9	14	3	ũa	algũa	u	machine_scan_corrected
bnf-f0103	c1a-l019	1	cercão	37	43	4	cão	cercão	a	batch_review_unverified
bnf-f0103	c1a-l020	1	leuão	2	7	3	uão	leuão	a	batch_review_unverified
bnf-f0103	c1a-l020	2	ſão	41	44	1	ſão	ſão	a	batch_review_unverified
bnf-f0103	c1b-l001	1	Hũa	5	8	1	Hũa	Hũa	u	batch_review_unverified
bnf-f0103	c1b-l001	2	hũa	24	27	1	hũa	hũa	u	batch_review_unverified
bnf-f0103	c1b-l006	1	Hũa	11	14	1	Hũa	Hũa	u	batch_review_unverified
bnf-f0103	c1b-l007	1	tirão	28	33	3	rão	tirão	a	batch_review_unverified
bnf-f0103	c1b-l009	1	Hũa	8	11	1	Hũa	Hũa	u	batch_review_unverified
bnf-f0103	c1b-l013	1	loẽs	0	4	2	oẽs	loẽs	e	batch_review_unverified
bnf-f0103	c1b-l014	1	alimpão	36	43	5	pão	alimpão	a	batch_review_unverified
bnf-f0103	c1b-l020	1	ajuntão	30	37	5	tão	ajuntão	a	batch_review_unverified
bnf-f0103	c2-l013	1	gũa	0	3	1	gũa	gũa	u	batch_review_unverified
bnf-f0103	c2-l032	1	não	0	3	1	não	não	a	batch_review_unverified
bnf-f0103	c2-l033	1	não	30	33	1	não	não	a	batch_review_unverified
bnf-f0104	c1-l005	1	embarcações	18	29	8	çõe	embarcações	o	batch_review_unverified
bnf-f0104	c1-l006	1	não	12	15	1	não	não	a	batch_review_unverified
bnf-f0104	c1-l011	1	Bojão	10	15	3	jão	Bojão	a	batch_review_unverified
bnf-f0104	c1-l011	2	guardão	23	30	5	dão	guardão	a	batch_review_unverified
bnf-f0104	c1-l014	1	hũa	14	17	1	hũa	hũa	u	batch_review_unverified
bnf-f0104	c1-l020	1	mãos	3	7	1	mão	mãos	a	batch_review_unverified
bnf-f0104	c1-l033	1	não	28	31	1	não	não	a	batch_review_unverified
bnf-f0104	c2-l010	1	algũa	18	23	3	gũa	algũa	u	batch_review_unverified
bnf-f0104	c2-l012	1	chão	13	17	2	hão	chão	a	batch_review_unverified
bnf-f0104	c2-l023	1	caſão	0	5	3	ſão	caſão	a	batch_review_unverified
bnf-f0104	c2-l026	1	inuenção	0	8	6	ção	inuenção	a	batch_review_unverified
bnf-f0104	c2-l041	1	Eſpeculação	22	33	9	ção	Eſpeculação	a	batch_review_unverified
bnf-f0104	c2-l043	1	alguẽ	27	32	4	uẽ	alguẽ	e	batch_review_unverified
bnf-f0105	c1-l022	1	Não	8	11	1	Não	Não	a	batch_review_unverified
bnf-f0105	c1-l022	2	não	22	25	1	não	não	a	batch_review_unverified
bnf-f0105	c1-l036	1	algũa	29	34	3	gũa	algũa	u	batch_review_unverified
bnf-f0105	c1-l038	1	algũa	31	36	3	ũa	algũa	u	machine_scan_corrected
bnf-f0105	c1-l044	1	algũa	11	16	3	ũa	algũa	u	machine_scan_corrected
bnf-f0105	c2-l012	1	algũa	29	34	3	ũa	algũa	u	machine_scan_corrected
bnf-f0105	c2-l027	1	ção	0	3	1	ção	ção	a	batch_review_unverified
bnf-f0105	c2-l029	1	vzão	0	4	2	zão	vzão	a	batch_review_unverified
bnf-f0105	c2-l038	1	pendurão	6	14	6	rão	pendurão	a	batch_review_unverified
bnf-f0105	c2-l038	2	algũa	15	20	3	ũa	algũa	u	machine_scan_corrected
bnf-f0105	c2-l039	1	cação	0	5	3	ção	cação	a	batch_review_unverified
bnf-f0105	c2-l044	1	Bordão	23	29	4	dão	Bordão	a	batch_review_unverified
bnf-f0106	c1-l019	1	não	27	30	1	não	não	a	batch_review_unverified
bnf-f0106	c1-l020	1	hũa	14	17	1	hũa	hũa	u	batch_review_unverified
bnf-f0106	c1-l024	1	andão	29	34	3	dão	andão	a	batch_review_unverified
bnf-f0106	c1-l033	1	Iapão	40	45	3	pão	Iapão	a	batch_review_unverified
bnf-f0106	c1-l036	1	Não	33	36	1	Não	Não	a	batch_review_unverified
bnf-f0106	c1-l045	1	Hũa	9	12	1	Hũa	Hũa	u	batch_review_unverified
bnf-f0106	c1-l047	1	Não	19	22	1	Não	Não	a	batch_review_unverified
bnf-f0106	c2-l017	1	Vnião	15	20	3	ião	Vnião	a	batch_review_unverified
bnf-f0106	c2-l028	1	Iiẽ	30	33	2	iẽ	Iiẽ	e	batch_review_unverified
bnf-f0106	c2-l028	2	hũa	34	37	1	hũa	hũa	u	batch_review_unverified
bnf-f0107	c1-l001	1	Vermelhidão	11	22	9	dão	Vermelhidão	a	batch_review_unverified
bnf-f0107	c1-l005	1	indignação	19	29	8	ção	indignação	a	batch_review_unverified
bnf-f0107	c1-l012	1	chão	0	4	2	hão	chão	a	batch_review_unverified
bnf-f0107	c1-l015	1	quã	42	45	2	uã	quã	a	batch_review_unverified
bnf-f0107	c1-l016	1	matão	3	8	3	tão	matão	a	batch_review_unverified
bnf-f0107	c1-l020	1	cincoẽta	30	38	5	oẽt	cincoẽta	e	batch_review_unverified
bnf-f0107	c1-l025	1	Hũa	9	12	1	Hũa	Hũa	u	batch_review_unverified
bnf-f0107	c1-l031	1	recreação	28	37	7	ção	recreação	a	batch_review_unverified
bnf-f0107	c1-l034	1	algũa	13	18	3	ũa	algũa	u	machine_scan_corrected
bnf-f0107	c1-l047	1	não	10	13	1	não	não	a	batch_review_unverified
bnf-f0107	c2-l001	1	Hũa	11	14	1	Hũa	Hũa	u	batch_review_unverified
bnf-f0107	c2-l022	1	coração	6	13	5	ção	coração	a	batch_review_unverified
bnf-f0107	c2-l022	2	affeição	17	25	6	ção	affeição	a	batch_review_unverified
bnf-f0107	c2-l022	3	algũa	29	34	3	gũa	algũa	u	batch_review_unverified
bnf-f0108	c1-l022	1	não	29	32	1	não	não	a	batch_review_unverified
bnf-f0108	c1-l034	1	lhão	0	4	2	hão	lhão	a	batch_review_unverified
bnf-f0108	c1-l038	1	algũa	27	32	3	gũa	algũa	u	batch_review_unverified
bnf-f0108	c1-l040	1	algũa	35	40	3	gũa	algũa	u	batch_review_unverified
bnf-f0108	c1-l044	1	Golfãos	22	29	4	fão	Golfãos	a	batch_review_unverified
bnf-f0108	c1-l045	1	golfãos	7	14	4	fão	golfãos	a	batch_review_unverified
bnf-f0108	c2-l001	1	inuenção	20	28	6	ção	inuenção	a	batch_review_unverified
bnf-f0108	c2-l002	1	deitão	22	28	4	tão	deitão	a	batch_review_unverified
bnf-f0108	c2-l004	1	gũa	0	3	1	gũa	gũa	u	batch_review_unverified
bnf-f0108	c2-l018	1	hũas	32	36	1	hũa	hũas	u	batch_review_unverified
bnf-f0108	c2-l023	1	apanhão	24	31	5	hão	apanhão	a	batch_review_unverified
bnf-f0108	c2-l028	1	chão	18	22	2	hão	chão	a	batch_review_unverified
bnf-f0108	c2-l028	2	chão	35	39	2	hão	chão	a	batch_review_unverified
bnf-f0108	c2-l032	1	algũa	26	31	3	ũa	algũa	u	machine_scan_corrected
bnf-f0108	c2-l034	1	tição	20	25	3	ção	tição	a	batch_review_unverified
bnf-f0108	c2-l037	1	algũa	20	25	3	ũa	algũa	u	machine_scan_corrected
bnf-f0108	c2-l038	1	nuuẽs	10	15	3	uẽs	nuuẽs	e	batch_review_unverified
bnf-f0108	c2-l040	1	cultivação	0	10	8	ção	cultivação	a	batch_review_unverified
bnf-f0109	c1-l021	1	vſão	7	11	2	ſão	vſão	a	batch_review_unverified
bnf-f0109	c1-l024	1	Irmão	37	42	3	mão	Irmão	a	batch_review_unverified
bnf-f0109	c1-l029	1	Hũa	11	14	1	Hũa	Hũa	u	batch_review_unverified
bnf-f0109	c1-l037	1	calções	15	22	4	çõe	calções	o	batch_review_unverified
bnf-f0109	c1-l046	1	algũa	32	37	3	gũa	algũa	u	batch_review_unverified
bnf-f0109	c2-l013	1	Sairão	16	22	4	rão	Sairão	a	batch_review_unverified
bnf-f0109	c2-l021	1	Affeição	26	34	6	ção	Affeição	a	batch_review_unverified
bnf-f0109	c2-l026	1	Iiẽ	30	33	2	iẽ	Iiẽ	e	batch_review_unverified
bnf-f0109	c2-l027	1	conjunção	29	38	7	ção	conjunção	a	batch_review_unverified
bnf-f0109	c2-l034	1	capitão	8	15	5	tão	capitão	a	batch_review_unverified
bnf-f0109	c2-l037	1	precações	0	9	6	çõe	precações	o	batch_review_unverified
bnf-f0109	c2-l037	2	alguẽ	38	43	4	uẽ	alguẽ	e	batch_review_unverified
bnf-f0109	c2-l040	1	deprecações	16	27	8	çõe	deprecações	o	batch_review_unverified
bnf-f0110	c1-l002	1	feijões	3	10	4	jõe	feijões	o	batch_review_unverified
bnf-f0110	c1-l008	1	Mão	9	12	1	Mão	Mão	a	batch_review_unverified
bnf-f0110	c1-l016	1	leuão	3	8	3	uão	leuão	a	batch_review_unverified
bnf-f0110	c1-l016	2	mão	12	15	1	mão	mão	a	batch_review_unverified
bnf-f0110	c1-l022	1	não	24	27	1	não	não	a	batch_review_unverified
bnf-f0110	c1-l027	1	Perdão	29	35	4	dão	Perdão	a	batch_review_unverified
bnf-f0110	c1-l030	1	Conſideração	24	36	10	ção	Conſideração	a	batch_review_unverified
bnf-f0110	c1-l042	1	Perdão	30	36	4	dão	Perdão	a	batch_review_unverified
bnf-f0110	c1-l044	1	perdão	6	12	4	dão	perdão	a	batch_review_unverified
bnf-f0110	c2-l004	1	mãos	15	19	1	mão	mãos	a	batch_review_unverified
bnf-f0110	c2-l017	1	hũa	37	40	1	hũa	hũa	u	batch_review_unverified
bnf-f0110	c2-l021	1	algũa	13	18	3	gũa	algũa	u	batch_review_unverified
bnf-f0110	c2-l023	1	algũa	32	37	3	ũa	algũa	u	machine_scan_corrected
bnf-f0110	c2-l028	1	ção	0	3	1	ção	ção	a	batch_review_unverified
bnf-f0110	c2-l037	1	Adoração	22	30	6	ção	Adoração	a	batch_review_unverified
bnf-f0110	c2-l039	1	Hũa	8	11	1	Hũa	Hũa	u	batch_review_unverified
bnf-f0111	c1-l011	1	mãos	40	44	1	mão	mãos	a	batch_review_unverified
bnf-f0111	c1-l013	1	Hũa	22	25	1	Hũa	Hũa	u	batch_review_unverified
bnf-f0111	c1-l015	1	Lũa	25	28	1	Lũa	Lũa	u	batch_review_unverified
bnf-f0111	c1-l017	1	uenção	0	6	4	ção	uenção	a	batch_review_unverified
bnf-f0111	c1-l022	1	Iapão	9	14	3	pão	Iapão	a	batch_review_unverified
bnf-f0111	c1-l025	1	algũa	17	22	3	gũa	algũa	u	batch_review_unverified
bnf-f0111	c1-l027	1	Compoſição	25	35	8	ção	Compoſição	a	batch_review_unverified
bnf-f0111	c1-l030	1	Hũa	7	10	1	Hũa	Hũa	u	batch_review_unverified
bnf-f0111	c1-l033	1	Hũa	23	26	1	Hũa	Hũa	u	batch_review_unverified
bnf-f0111	c1-l041	1	algũa	28	33	3	gũa	algũa	u	batch_review_unverified
bnf-f0111	c1-l043	1	Prohibição	22	32	8	ção	Prohibição	a	batch_review_unverified
bnf-f0111	c2-l001	1	algũa	8	13	3	gũa	algũa	u	batch_review_unverified
bnf-f0111	c2-l021	1	compaixão	10	19	7	xão	compaixão	a	batch_review_unverified
bnf-f0111	c2-l025	1	pregação	23	31	6	ção	pregação	a	batch_review_unverified
bnf-f0111	c2-l029	1	dão	0	3	1	dão	dão	a	batch_review_unverified
bnf-f0111	c2-l030	1	algũa	27	32	3	gũa	algũa	u	batch_review_unverified
bnf-f0111	c2-l033	1	ſezão	19	24	3	zão	ſezão	a	batch_review_unverified
bnf-f0111	c2-l043	1	Ordenações	20	30	7	çõe	Ordenações	o	batch_review_unverified
bnf-f0111	c2-l046	1	mãos	35	39	1	mão	mãos	a	batch_review_unverified
bnf-f0112	c1-l009	1	louuão	0	6	4	uão	louuão	a	batch_review_unverified
bnf-f0112	c1-l009	2	algũa	20	25	3	gũa	algũa	u	batch_review_unverified
bnf-f0112	c1-l015	1	hũa	29	32	1	hũa	hũa	u	batch_review_unverified
bnf-f0112	c1-l021	1	eſfolão	14	21	5	lão	eſfolão	a	batch_review_unverified
bnf-f0112	c1-l043	1	meditação	17	26	7	ção	meditação	a	batch_review_unverified
bnf-f0112	c2-l002	1	algũa	11	16	3	ũa	algũa	u	machine_scan_corrected
bnf-f0112	c2-l009	1	fechão	16	22	4	hão	fechão	a	batch_review_unverified
bnf-f0112	c2-l010	1	dalgũa	0	6	4	gũa	dalgũa	u	batch_review_unverified
bnf-f0112	c2-l022	1	hũa	19	22	1	hũa	hũa	u	batch_review_unverified
bnf-f0112	c2-l024	1	Embarcação	19	29	8	ção	Embarcação	a	batch_review_unverified
bnf-f0112	c2-l036	1	algũa	18	23	3	gũa	algũa	u	batch_review_unverified
bnf-f0112	c2-l046	1	Hũas	8	12	1	Hũa	Hũas	u	batch_review_unverified
bnf-f0112	c2-l046	2	dão	26	29	1	dão	dão	a	batch_review_unverified
bnf-f0112	c2-l047	1	Hũa	12	15	1	Hũa	Hũa	u	batch_review_unverified
bnf-f0113	c1-l002	1	Embarcação	18	28	8	ção	Embarcação	a	batch_review_unverified
bnf-f0113	c1-l010	1	lũa	15	18	1	lũa	lũa	u	batch_review_unverified
bnf-f0113	c1-l013	1	não	25	28	1	não	não	a	batch_review_unverified
bnf-f0113	c1-l015	1	ficão	0	5	3	cão	ficão	a	batch_review_unverified
bnf-f0113	c1-l015	2	comparação	29	39	8	ção	comparação	a	batch_review_unverified
bnf-f0113	c1-l026	1	mãos	33	37	1	mão	mãos	a	batch_review_unverified
bnf-f0113	c1-l027	1	mãos	27	31	1	mão	mãos	a	batch_review_unverified
bnf-f0113	c1-l029	1	mãos	17	21	1	mão	mãos	a	batch_review_unverified
bnf-f0113	c1-l030	1	mãos	35	39	1	mão	mãos	a	batch_review_unverified
bnf-f0113	c1-l045	1	Guarnição	9	18	7	ção	Guarnição	a	batch_review_unverified
bnf-f0113	c2-l011	1	lũa	35	38	1	lũa	lũa	u	batch_review_unverified
bnf-f0113	c2-l012	1	verão	10	15	3	rão	verão	a	batch_review_unverified
bnf-f0113	c2-l014	1	grilhões	0	8	5	hõe	grilhões	o	batch_review_unverified
bnf-f0113	c2-l015	1	mãos	23	27	1	mão	mãos	a	batch_review_unverified
bnf-f0113	c2-l016	1	grilhões	0	8	5	hõe	grilhões	o	batch_review_unverified
bnf-f0113	c2-l030	1	não	4	7	1	não	não	a	batch_review_unverified
bnf-f0113	c2-l032	1	Latão	8	13	3	tão	Latão	a	batch_review_unverified
bnf-f0113	c2-l037	1	não	11	14	1	não	não	a	batch_review_unverified
bnf-f0113	c2-l038	1	não	19	22	1	não	não	a	batch_review_unverified
bnf-f0113	c2-l038	2	algũa	39	44	3	gũa	algũa	u	batch_review_unverified
bnf-f0113	c2-l040	1	hũa	40	43	1	hũa	hũa	u	batch_review_unverified
bnf-f0114	c1-l002	1	Chùguẽ	21	27	5	uẽ	Chùguẽ	e	batch_review_unverified
bnf-f0114	c1-l003	1	ſão	16	19	1	ſão	ſão	a	batch_review_unverified
bnf-f0114	c1-l007	1	algũa	10	15	3	ũa	algũa	u	machine_scan_corrected
bnf-f0114	c1-l008	1	algũa	33	38	3	gũa	algũa	u	batch_review_unverified
bnf-f0114	c1-l017	1	porção	0	6	4	ção	porção	a	batch_review_unverified
bnf-f0114	c1-l022	1	Latão	9	14	3	tão	Latão	a	batch_review_unverified
bnf-f0114	c1-l023	1	latão	6	11	3	tão	latão	a	batch_review_unverified
bnf-f0114	c1-l027	1	algũa	4	9	3	ũa	algũa	u	machine_scan_corrected
bnf-f0114	c1-l033	1	ção	0	3	1	ção	ção	a	batch_review_unverified
bnf-f0114	c1-l037	1	cuidão	36	42	4	dão	cuidão	a	batch_review_unverified
bnf-f0114	c1-l044	1	lũa	37	40	1	lũa	lũa	u	batch_review_unverified
bnf-f0114	c1-l046	1	Iapão	0	5	3	pão	Iapão	a	batch_review_unverified
bnf-f0114	c2-l003	1	mandão	30	36	4	dão	mandão	a	batch_review_unverified
bnf-f0114	c2-l010	1	rezão	19	24	3	zão	rezão	a	batch_review_unverified
bnf-f0114	c2-l011	1	pão	0	3	1	pão	pão	a	batch_review_unverified
bnf-f0114	c2-l011	2	chamão	10	16	4	mão	chamão	a	batch_review_unverified
bnf-f0114	c2-l014	1	algũas	41	47	3	ũas	algũas	u	machine_scan_corrected
bnf-f0114	c2-l022	1	Iapão	33	38	3	pão	Iapão	a	batch_review_unverified
bnf-f0114	c2-l029	1	não	10	13	1	não	não	a	batch_review_unverified
bnf-f0114	c2-l029	2	algũas	19	25	3	gũa	algũas	u	batch_review_unverified
bnf-f0114	c2-l031	1	lũa	28	31	1	lũa	lũa	u	batch_review_unverified
bnf-f0114	c2-l032	1	Iapão	3	8	3	pão	Iapão	a	batch_review_unverified
bnf-f0114	c2-l033	1	inuenção	22	30	6	ção	inuenção	a	batch_review_unverified
bnf-f0114	c2-l039	1	algũa	17	22	3	gũa	algũa	u	batch_review_unverified
bnf-f0114	c2-l040	1	interceſſão	18	29	9	ſão	interceſſão	a	batch_review_unverified
bnf-f0114	c2-l043	1	comprão	25	32	5	rão	comprão	a	batch_review_unverified
bnf-f0114	c2-l046	1	Não	17	20	1	Não	Não	a	batch_review_unverified
bnf-f0115	c1-l021	1	lũa	7	10	1	lũa	lũa	u	batch_review_unverified
bnf-f0115	c1-l022	1	lũa	8	11	1	lũa	lũa	u	batch_review_unverified
bnf-f0115	c1-l024	1	lũa	16	19	1	lũa	lũa	u	batch_review_unverified
bnf-f0115	c1-l027	1	lũa	15	18	1	lũa	lũa	u	batch_review_unverified
bnf-f0115	c2-l004	1	não	4	7	1	não	não	a	batch_review_unverified
bnf-f0115	c2-l010	1	gũa	0	3	1	gũa	gũa	u	batch_review_unverified
bnf-f0115	c2-l013	1	não	15	18	1	não	não	a	batch_review_unverified
bnf-f0115	c2-l015	1	Conſideração	23	35	10	ção	Conſideração	a	batch_review_unverified
bnf-f0115	c2-l025	1	algũa	31	36	3	gũa	algũa	u	batch_review_unverified
bnf-f0115	c2-l043	1	algũa	4	9	3	gũa	algũa	u	batch_review_unverified
bnf-f0115	c2-l044	1	não	3	6	1	não	não	a	batch_review_unverified
bnf-f0115	c2-l044	2	hũa	13	16	1	hũa	hũa	u	batch_review_unverified
bnf-f0116	c1-l004	1	algũa	15	20	3	gũa	algũa	u	batch_review_unverified
bnf-f0116	c1-l007	1	não	9	12	1	não	não	a	batch_review_unverified
bnf-f0116	c1-l007	2	falão	13	18	3	lão	falão	a	batch_review_unverified
bnf-f0116	c1-l019	1	hũa	14	17	1	hũa	hũa	u	batch_review_unverified
bnf-f0116	c1-l019	2	reſultauão	22	32	8	uão	reſultauão	a	batch_review_unverified
bnf-f0116	c1-l023	1	algũa	34	39	3	ũa	algũa	u	machine_scan_corrected
bnf-f0116	c1-l031	1	dalgũa	23	29	4	gũa	dalgũa	u	batch_review_unverified
bnf-f0116	c1-l033	1	conjunção	16	25	7	ção	conjunção	a	batch_review_unverified
bnf-f0116	c1-l045	1	Caĩrem	21	27	2	aĩr	Caĩrem	i	batch_review_unverified
bnf-f0116	c2-l012	1	Hũa	8	11	1	Hũa	Hũa	u	batch_review_unverified
bnf-f0116	c2-l020	1	algũa	19	24	3	ũa	algũa	u	machine_scan_corrected
bnf-f0116	c2-l022	1	Embarcação	8	18	8	ção	Embarcação	a	batch_review_unverified
bnf-f0116	c2-l029	1	não	16	19	1	não	não	a	batch_review_unverified
bnf-f0117	c1-l013	1	algũa	7	12	3	ũa	algũa	u	machine_scan_corrected
bnf-f0117	c1-l013	2	aĩda	18	22	1	aĩd	aĩda	i	batch_review_unverified
bnf-f0117	c1-l013	3	ladrão	34	40	4	rão	ladrão	a	batch_review_unverified
bnf-f0117	c1-l014	1	ladrão	33	39	4	rão	ladrão	a	batch_review_unverified
bnf-f0117	c1-l016	1	algũa	32	37	3	gũa	algũa	u	batch_review_unverified
bnf-f0117	c1-l028	1	algũa	4	9	3	ũa	algũa	u	machine_scan_corrected
bnf-f0117	c1-l032	1	bouão	31	36	3	uão	bouão	a	batch_review_unverified
bnf-f0117	c2-l001	1	feição	18	24	4	ção	feição	a	batch_review_unverified
bnf-f0117	c2-l005	1	diſpoſição	0	10	8	ção	diſpoſição	a	batch_review_unverified
bnf-f0117	c2-l013	1	não	24	27	1	não	não	a	batch_review_unverified
bnf-f0117	c2-l018	1	Coração	8	15	5	ção	Coração	a	batch_review_unverified
bnf-f0117	c2-l019	1	coração	8	15	5	ção	coração	a	batch_review_unverified
bnf-f0117	c2-l025	1	ção	0	3	1	ção	ção	a	batch_review_unverified
bnf-f0117	c2-l030	1	perſuaſão	6	15	7	ſão	perſuaſão	a	batch_review_unverified
bnf-f0117	c2-l031	1	coração	27	34	5	ção	coração	a	batch_review_unverified
bnf-f0117	c2-l034	1	dalgũa	13	19	4	ũa	dalgũa	u	machine_scan_corrected
bnf-f0117	c2-l036	1	Tenção	11	17	4	ção	Tenção	a	batch_review_unverified
bnf-f0117	c2-l041	1	coração	22	29	5	ção	coração	a	batch_review_unverified
bnf-f0117	c2-l046	1	não	0	3	1	não	não	a	batch_review_unverified
bnf-f0117	c2-l046	2	coração	29	36	5	ção	coração	a	batch_review_unverified
bnf-f0118	c1-l001	1	condição	13	21	6	ção	condição	a	batch_review_unverified
bnf-f0118	c1-l001	2	coração	30	37	5	ção	coração	a	batch_review_unverified
bnf-f0118	c1-l005	1	Traição	14	21	5	ção	Traição	a	batch_review_unverified
bnf-f0118	c1-l009	1	afflição	34	42	6	ção	afflição	a	batch_review_unverified
bnf-f0118	c1-l016	1	tenção	4	10	4	ção	tenção	a	batch_review_unverified
bnf-f0118	c1-l032	1	algũa	21	26	3	gũa	algũa	u	batch_review_unverified
bnf-f0118	c1-l034	1	algũa	34	39	3	ũa	algũa	u	machine_scan_corrected
bnf-f0118	c1-l038	1	dalgũa	18	24	4	gũa	dalgũa	u	batch_review_unverified
bnf-f0118	c2-l011	1	coração	25	32	5	ção	coração	a	batch_review_unverified
bnf-f0118	c2-l012	1	condição	4	12	6	ção	condição	a	batch_review_unverified
bnf-f0118	c2-l014	1	condição	20	28	6	ção	condição	a	batch_review_unverified
bnf-f0118	c2-l015	1	coração	2	9	5	ção	coração	a	batch_review_unverified
bnf-f0118	c2-l016	1	condição	13	21	6	ção	condição	a	batch_review_unverified
bnf-f0118	c2-l023	1	intenção	26	34	6	ção	intenção	a	batch_review_unverified
bnf-f0118	c2-l027	1	tenção	22	28	4	ção	tenção	a	batch_review_unverified
bnf-f0118	c2-l030	1	algũa	13	18	3	gũa	algũa	u	batch_review_unverified
bnf-f0118	c2-l031	1	afflição	26	34	6	ção	afflição	a	batch_review_unverified
bnf-f0118	c2-l033	1	algũa	19	24	3	gũa	algũa	u	batch_review_unverified
bnf-f0118	c2-l035	1	afflição	4	12	6	ção	afflição	a	batch_review_unverified
bnf-f0118	c2-l038	1	algũa	19	24	3	gũa	algũa	u	batch_review_unverified
bnf-f0118	c2-l038	2	não	42	45	1	não	não	a	batch_review_unverified
bnf-f0119	c1-l013	1	algũa	0	5	3	gũa	algũa	u	batch_review_unverified
bnf-f0119	c1-l019	1	grãos	25	30	2	rão	grãos	a	batch_review_unverified
bnf-f0119	c1-l019	2	feijões	42	49	4	jõe	feijões	o	batch_review_unverified
bnf-f0119	c1-l025	1	razão	37	42	3	zão	razão	a	batch_review_unverified
bnf-f0119	c1-l030	1	tinhão	17	23	4	hão	tinhão	a	batch_review_unverified
bnf-f0119	c1-l045	1	chãos	25	30	2	hão	chãos	a	batch_review_unverified
bnf-f0119	c2-l012	1	gũa	0	3	1	gũa	gũa	u	batch_review_unverified
bnf-f0119	c2-l017	1	não	0	3	1	não	não	a	batch_review_unverified
bnf-f0119	c2-l017	2	ſoão	41	45	2	oão	ſoão	a	batch_review_unverified
bnf-f0119	c2-l020	1	algũa	35	40	3	gũa	algũa	u	batch_review_unverified
bnf-f0119	c2-l023	1	ordenação	21	30	7	ção	ordenação	a	batch_review_unverified
bnf-f0119	c2-l031	1	ſão	7	10	1	ſão	ſão	a	batch_review_unverified
bnf-f0119	c2-l031	2	repugnão	26	34	6	não	repugnão	a	batch_review_unverified
bnf-f0119	c2-l034	1	Iapão	27	32	3	pão	Iapão	a	batch_review_unverified
bnf-f0119	c2-l044	1	pouoação	29	37	6	ção	pouoação	a	batch_review_unverified
bnf-f0119	c2-l046	1	algũa	20	25	3	gũa	algũa	u	batch_review_unverified
bnf-f0120	c1-l003	1	Ladrão	27	33	4	rão	Ladrão	a	batch_review_unverified
bnf-f0120	c1-l018	1	Tradição	26	34	6	ção	Tradição	a	batch_review_unverified
bnf-f0120	c1-l026	1	atraueſſão	17	27	8	ſão	atraueſſão	a	batch_review_unverified
bnf-f0120	c1-l029	1	Orfão	28	33	3	fão	Orfão	a	batch_review_unverified
bnf-f0120	c1-l032	1	cuſtumão	3	11	6	mão	cuſtumão	a	batch_review_unverified
bnf-f0120	c1-l033	1	lição	26	31	3	ção	lição	a	batch_review_unverified
bnf-f0120	c1-l036	1	Iapão	11	16	3	pão	Iapão	a	batch_review_unverified
bnf-f0120	c1-l045	1	algũa	22	27	3	gũa	algũa	u	batch_review_unverified
bnf-f0120	c2-l002	1	alguẽ	6	11	4	uẽ	alguẽ	e	batch_review_unverified
bnf-f0120	c2-l003	1	algũa	31	36	3	ũa	algũa	u	machine_scan_corrected
bnf-f0120	c2-l005	1	botão	14	19	3	tão	botão	a	batch_review_unverified
bnf-f0120	c2-l015	1	não	17	20	1	não	não	a	batch_review_unverified
bnf-f0120	c2-l017	1	Iapão	3	8	3	pão	Iapão	a	batch_review_unverified
bnf-f0120	c2-l021	1	trão	0	4	2	rão	trão	a	batch_review_unverified
bnf-f0120	c2-l024	1	algũas	28	34	3	gũa	algũas	u	batch_review_unverified
bnf-f0120	c2-l040	1	ções	0	4	1	çõe	ções	o	batch_review_unverified
bnf-f0120	c2-l045	1	Hũa	8	11	1	Hũa	Hũa	u	batch_review_unverified
bnf-f0121	c1-l007	1	Hũa	19	22	1	Hũa	Hũa	u	batch_review_unverified
bnf-f0121	c1-l010	1	hũa	39	42	1	hũa	hũa	u	batch_review_unverified
bnf-f0121	c1-l013	1	conſertão	0	9	7	tão	conſertão	a	batch_review_unverified
bnf-f0121	c1-l017	1	não	26	29	1	não	não	a	batch_review_unverified
bnf-f0121	c1-l023	1	Hũas	15	19	1	Hũa	Hũas	u	batch_review_unverified
bnf-f0121	c1-l028	1	pulgões	10	17	4	gõe	pulgões	o	batch_review_unverified
bnf-f0121	c1-l044	1	algũa	29	34	3	gũa	algũa	u	batch_review_unverified
bnf-f0121	c2-l005	1	hũa	35	38	1	hũa	hũa	u	batch_review_unverified
bnf-f0121	c2-l010	1	algũa	25	30	3	gũa	algũa	u	batch_review_unverified
bnf-f0121	c2-l022	1	Lũa	27	30	1	Lũa	Lũa	u	batch_review_unverified
bnf-f0121	c2-l024	1	lũa	10	13	1	lũa	lũa	u	batch_review_unverified
bnf-f0121	c2-l026	1	Lũa	21	24	1	Lũa	Lũa	u	batch_review_unverified
bnf-f0121	c2-l030	1	tratão	40	46	4	tão	tratão	a	batch_review_unverified
bnf-f0121	c2-l032	1	Coração	7	14	5	ção	Coração	a	batch_review_unverified
bnf-f0121	c2-l038	1	grão	36	40	2	rão	grão	a	batch_review_unverified
bnf-f0122	c1-l005	1	mãos	20	24	1	mão	mãos	a	batch_review_unverified
bnf-f0122	c1-l010	1	algũa	27	32	3	gũa	algũa	u	batch_review_unverified
bnf-f0122	c1-l014	1	ção	0	3	1	ção	ção	a	batch_review_unverified
bnf-f0122	c1-l019	1	hũas	26	30	1	hũa	hũas	u	batch_review_unverified
bnf-f0122	c1-l025	1	mãos	0	4	1	mão	mãos	a	batch_review_unverified
bnf-f0122	c1-l028	1	Não	36	39	1	Não	Não	a	batch_review_unverified
bnf-f0122	c1-l035	1	pãos	28	32	1	pão	pãos	a	batch_review_unverified
bnf-f0122	c1-l038	1	Aleuãtar	28	36	4	uãt	Aleuãtar	a	batch_review_unverified
bnf-f0122	c1-l040	1	algũa	6	11	3	gũa	algũa	u	batch_review_unverified
bnf-f0122	c1-l043	1	hũa	30	33	1	hũa	hũa	u	batch_review_unverified
bnf-f0122	c2-l004	1	alguẽ	28	33	4	uẽ	alguẽ	e	batch_review_unverified
bnf-f0122	c2-l008	1	falcão	27	33	4	cão	falcão	a	batch_review_unverified
bnf-f0122	c2-l019	1	algũa	12	17	3	gũa	algũa	u	batch_review_unverified
bnf-f0122	c2-l020	1	Iapão	25	30	3	pão	Iapão	a	batch_review_unverified
bnf-f0122	c2-l036	1	alguẽ	26	31	4	uẽ	alguẽ	e	batch_review_unverified
bnf-f0123	c1-l004	1	mão	16	19	1	mão	mão	a	batch_review_unverified
bnf-f0123	c1-l008	1	ſejão	13	18	3	jão	ſejão	a	batch_review_unverified
bnf-f0123	c1-l009	1	não	37	40	1	não	não	a	batch_review_unverified
bnf-f0123	c1-l022	1	Interjeição	9	20	9	ção	Interjeição	a	batch_review_unverified
bnf-f0123	c1-l027	1	perdão	26	32	4	dão	perdão	a	batch_review_unverified
bnf-f0123	c1-l039	1	ſão	17	20	1	ſão	ſão	a	batch_review_unverified
bnf-f0123	c1-l041	1	Iapão	26	31	3	pão	Iapão	a	batch_review_unverified
bnf-f0123	c1-l042	1	miſturão	10	18	6	rão	miſturão	a	batch_review_unverified
bnf-f0123	c2-l012	1	aquentão	0	8	6	tão	aquentão	a	batch_review_unverified
bnf-f0123	c2-l016	1	dão	0	3	1	dão	dão	a	batch_review_unverified
bnf-f0123	c2-l016	2	rogão	20	25	3	gão	rogão	a	batch_review_unverified
bnf-f0123	c2-l030	1	commũa	7	13	4	mũa	commũa	u	batch_review_unverified
bnf-f0123	c2-l030	2	Hũa	23	26	1	Hũa	Hũa	u	batch_review_unverified
bnf-f0123	c2-l042	1	gũa	0	3	1	gũa	gũa	u	batch_review_unverified
bnf-f0123	c2-l045	1	Irmão	17	22	3	mão	Irmão	a	batch_review_unverified
bnf-f0124	c1-l001	1	Piaõ	6	10	3	aõ	Piaõ	o	machine_scan_corrected
bnf-f0124	c1-l006	1	hũa	36	39	1	hũa	hũa	u	batch_review_unverified
bnf-f0124	c1-l009	1	eſtirão	25	32	5	rão	eſtirão	a	batch_review_unverified
bnf-f0124	c1-l009	2	caualgão	37	45	6	gão	caualgão	a	batch_review_unverified
bnf-f0124	c1-l010	1	Iapão	34	39	3	pão	Iapão	a	batch_review_unverified
bnf-f0124	c1-l024	1	telhão	24	30	4	hão	telhão	a	batch_review_unverified
bnf-f0124	c1-l032	1	mãos	10	14	1	mão	mãos	a	batch_review_unverified
bnf-f0124	c1-l033	1	dobrão	36	42	4	rão	dobrão	a	batch_review_unverified
bnf-f0124	c1-l036	1	Eſtão	27	32	3	tão	Eſtão	a	batch_review_unverified
bnf-f0124	c2-l004	1	mão	25	28	1	mão	mão	a	batch_review_unverified
bnf-f0124	c2-l004	2	alguẽ	32	37	4	uẽ	alguẽ	e	batch_review_unverified
bnf-f0124	c2-l005	1	não	4	7	1	não	não	a	batch_review_unverified
bnf-f0124	c2-l008	1	Gudão	10	15	3	dão	Gudão	a	batch_review_unverified
bnf-f0124	c2-l017	1	algũa	31	36	3	gũa	algũa	u	batch_review_unverified
bnf-f0124	c2-l020	1	Grão	11	15	2	rão	Grão	a	batch_review_unverified
bnf-f0124	c2-l025	1	mão	39	42	1	mão	mão	a	batch_review_unverified
bnf-f0124	c2-l034	1	hũa	3	6	1	hũa	hũa	u	batch_review_unverified
bnf-f0124	c2-l034	2	embarcação	7	17	8	ção	embarcação	a	batch_review_unverified
bnf-f0124	c2-l036	1	algũa	9	14	3	gũa	algũa	u	batch_review_unverified
bnf-f0124	c2-l044	1	coração	29	36	5	ção	coração	a	batch_review_unverified
bnf-f0124	c2-l048	1	Hũa	6	9	1	Hũa	Hũa	u	batch_review_unverified
bnf-f0125	c1-l003	1	Iapão	27	32	3	pão	Iapão	a	batch_review_unverified
bnf-f0125	c1-l004	1	Sião	33	37	2	ião	Sião	a	batch_review_unverified
bnf-f0125	c1-l009	1	quã	0	3	2	uã	quã	a	batch_review_unverified
bnf-f0125	c1-l010	1	não	42	45	1	não	não	a	batch_review_unverified
bnf-f0125	c1-l011	1	algũa	13	18	3	gũa	algũa	u	batch_review_unverified
bnf-f0125	c1-l012	1	não	29	32	1	não	não	a	batch_review_unverified
bnf-f0125	c1-l013	1	algũa	3	8	3	gũa	algũa	u	batch_review_unverified
bnf-f0125	c1-l014	1	não	35	38	1	não	não	a	batch_review_unverified
bnf-f0125	c1-l032	1	Inuenção	7	15	6	ção	Inuenção	a	batch_review_unverified
bnf-f0125	c1-l037	1	yãozinho	0	8	1	yão	yãozinho	a	batch_review_unverified
bnf-f0125	c1-l038	1	Mortificação	8	20	10	ção	Mortificação	a	batch_review_unverified
bnf-f0125	c1-l042	1	pão	29	32	1	pão	pão	a	batch_review_unverified
bnf-f0125	c1-l044	1	perdão	31	37	4	dão	perdão	a	batch_review_unverified
bnf-f0125	c2-l005	1	algũa	35	40	3	gũa	algũa	u	batch_review_unverified
bnf-f0125	c2-l009	1	Vnião	26	31	3	ião	Vnião	a	batch_review_unverified
bnf-f0125	c2-l014	1	pão	36	39	1	pão	pão	a	batch_review_unverified
bnf-f0125	c2-l020	1	Iapão	35	40	3	pão	Iapão	a	batch_review_unverified
bnf-f0125	c2-l030	1	não	14	17	1	não	não	a	batch_review_unverified
bnf-f0125	c2-l030	2	não	39	42	1	não	não	a	batch_review_unverified
bnf-f0125	c2-l035	1	não	19	22	1	não	não	a	batch_review_unverified
bnf-f0125	c2-l036	1	gũa	0	3	1	gũa	gũa	u	batch_review_unverified
bnf-f0125	c2-l036	2	compoſição	4	14	8	ção	compoſição	a	batch_review_unverified
bnf-f0125	c2-l047	1	coração	29	36	5	ção	coração	a	batch_review_unverified
bnf-f0126	c1-l013	1	hũa	27	30	1	hũa	hũa	u	batch_review_unverified
bnf-f0126	c1-l015	1	não	19	22	1	não	não	a	batch_review_unverified
bnf-f0126	c1-l021	1	condição	7	15	6	ção	condição	a	batch_review_unverified
bnf-f0126	c1-l026	1	Hũa	10	13	1	Hũa	Hũa	u	batch_review_unverified
bnf-f0126	c1-l036	1	Irmão	10	15	3	mão	Irmão	a	batch_review_unverified
bnf-f0126	c1-l040	1	falcão	14	20	4	cão	falcão	a	batch_review_unverified
bnf-f0126	c1-l047	1	Lũa	16	19	1	Lũa	Lũa	u	batch_review_unverified
bnf-f0126	c2-l005	1	brotão	16	22	4	tão	brotão	a	batch_review_unverified
bnf-f0126	c2-l014	1	Rabão	10	15	3	bão	Rabão	a	batch_review_unverified
bnf-f0126	c2-l015	1	Iapão	9	14	3	pão	Iapão	a	batch_review_unverified
bnf-f0126	c2-l018	1	Não	10	13	1	Não	Não	a	batch_review_unverified
bnf-f0126	c2-l018	2	Iapão	20	25	3	pão	Iapão	a	batch_review_unverified
bnf-f0126	c2-l021	1	falcão	33	39	4	cão	falcão	a	batch_review_unverified
bnf-f0126	c2-l028	1	compreição	19	29	8	ção	compreição	a	batch_review_unverified
bnf-f0126	c2-l029	1	cõpreição	32	41	7	ção	cõpreição	a	batch_review_unverified
bnf-f0126	c2-l031	1	deprecações	22	33	8	çõe	deprecações	o	batch_review_unverified
bnf-f0126	c2-l038	1	hũas	10	14	1	hũa	hũas	u	batch_review_unverified
bnf-f0127	c1-l001	1	Irmão	28	33	3	mão	Irmão	a	batch_review_unverified
bnf-f0127	c1-l003	1	irmãos	37	43	3	mão	irmãos	a	batch_review_unverified
bnf-f0127	c1-l040	1	lũa	2	5	1	lũa	lũa	u	batch_review_unverified
bnf-f0127	c1-l040	2	não	6	9	1	não	não	a	batch_review_unverified
bnf-f0127	c2-l007	1	dalgũas	21	28	4	ũas	dalgũas	u	machine_scan_corrected
bnf-f0127	c2-l007	2	chão	36	40	2	hão	chão	a	batch_review_unverified
bnf-f0127	c2-l009	1	defenſão	23	31	6	ſão	defenſão	a	batch_review_unverified
bnf-f0127	c2-l009	2	dalgũa	32	38	4	ũa	dalgũa	u	machine_scan_corrected
bnf-f0127	c2-l020	1	lhões	0	5	2	hõe	lhões	o	batch_review_unverified
bnf-f0127	c2-l029	1	Iapão	3	8	3	pão	Iapão	a	batch_review_unverified
bnf-f0127	c2-l037	1	não	37	40	1	não	não	a	batch_review_unverified
bnf-f0127	c2-l038	1	hũa	16	19	1	hũa	hũa	u	batch_review_unverified
bnf-f0128	c1-l008	1	Pilão	17	22	3	lão	Pilão	a	batch_review_unverified
bnf-f0128	c1-l009	1	pilão	0	5	3	lão	pilão	a	batch_review_unverified
bnf-f0128	c1-l016	1	contrição	8	17	7	ção	contrição	a	batch_review_unverified
bnf-f0128	c1-l027	1	não	40	43	1	não	não	a	batch_review_unverified
bnf-f0128	c1-l039	1	alguẽ	38	43	4	uẽ	alguẽ	e	batch_review_unverified
bnf-f0128	c1-l045	1	uação	0	5	3	ção	uação	a	batch_review_unverified
bnf-f0128	c2-l004	1	Não	22	25	1	Não	Não	a	batch_review_unverified
bnf-f0128	c2-l018	1	purificação	9	20	9	ção	purificação	a	batch_review_unverified
bnf-f0128	c2-l019	1	Hũa	6	9	1	Hũa	Hũa	u	batch_review_unverified
bnf-f0128	c2-l033	1	quã	39	42	2	uã	quã	a	batch_review_unverified
bnf-f0128	c2-l041	1	tradição	3	11	6	ção	tradição	a	batch_review_unverified
bnf-f0128	c2-l044	1	Fogãozinho	6	16	3	gão	Fogãozinho	a	batch_review_unverified
bnf-f0128	c2-l047	1	Proporção	20	29	7	ção	Proporção	a	batch_review_unverified
bnf-f0129	c1-l012	1	algũa	11	16	3	ũa	algũa	u	machine_scan_corrected
bnf-f0129	c1-l018	1	hũa	32	35	1	hũa	hũa	u	batch_review_unverified
bnf-f0129	c1-l032	1	conjunção	19	28	7	ção	conjunção	a	batch_review_unverified
bnf-f0129	c1-l035	1	ſignificação	11	23	10	ção	ſignificação	a	batch_review_unverified
bnf-f0129	c2-l004	1	Não	0	3	1	Não	Não	a	batch_review_unverified
bnf-f0129	c2-l013	1	prohibição	26	36	8	ção	prohibição	a	batch_review_unverified
bnf-f0129	c2-l029	1	meditações	33	43	7	çõe	meditações	o	batch_review_unverified
bnf-f0129	c2-l032	1	dão	22	25	1	dão	dão	a	batch_review_unverified
bnf-f0129	c2-l036	1	Pouoação	17	25	6	ção	Pouoação	a	batch_review_unverified
bnf-f0129	c2-l047	1	Falcão	8	14	4	cão	Falcão	a	batch_review_unverified
bnf-f0130	c1-l001	1	Cão	12	15	1	Cão	Cão	a	batch_review_unverified
bnf-f0130	c1-l002	1	falcão	3	9	4	cão	falcão	a	batch_review_unverified
bnf-f0130	c1-l011	1	fogão	15	20	3	gão	fogão	a	batch_review_unverified
bnf-f0130	c1-l015	1	não	21	24	1	não	não	a	batch_review_unverified
bnf-f0130	c1-l017	1	hũa	3	6	1	hũa	hũa	u	batch_review_unverified
bnf-f0130	c1-l018	1	emburulhão	30	40	8	hão	emburulhão	a	batch_review_unverified
bnf-f0130	c1-l024	1	mãos	8	12	1	mão	mãos	a	batch_review_unverified
bnf-f0130	c1-l026	1	mãos	18	22	1	mão	mãos	a	batch_review_unverified
bnf-f0130	c1-l036	1	Não	6	9	1	Não	Não	a	batch_review_unverified
bnf-f0130	c1-l039	1	Hũa	10	13	1	Hũa	Hũa	u	batch_review_unverified
bnf-f0130	c1-l043	1	Feição	9	15	4	ção	Feição	a	batch_review_unverified
bnf-f0130	c2-l007	1	Irmãos	25	31	3	mão	Irmãos	a	batch_review_unverified
bnf-f0130	c2-l020	1	Iapão	25	30	3	pão	Iapão	a	batch_review_unverified
bnf-f0130	c2-l039	1	algũa	19	24	3	gũa	algũa	u	batch_review_unverified
bnf-f0130	c2-l043	1	dalgũa	28	34	4	gũa	dalgũa	u	batch_review_unverified
bnf-f0131	c1-l010	1	Iapão	31	36	3	pão	Iapão	a	batch_review_unverified
bnf-f0131	c1-l015	1	ſazão	6	11	3	zão	ſazão	a	batch_review_unverified
bnf-f0131	c1-l016	1	eſtirão	36	43	5	rão	eſtirão	a	batch_review_unverified
bnf-f0131	c1-l017	1	caualgão	2	10	6	gão	caualgão	a	batch_review_unverified
bnf-f0131	c1-l018	1	Iapão	0	5	3	pão	Iapão	a	batch_review_unverified
bnf-f0131	c1-l021	1	dalguẽ	33	39	5	uẽ	dalguẽ	e	batch_review_unverified
bnf-f0131	c1-l027	1	não	37	40	1	não	não	a	batch_review_unverified
bnf-f0131	c1-l030	1	ondeãda	10	17	4	eãd	ondeãda	a	batch_review_unverified
bnf-f0131	c1-l030	2	niuẽ	37	41	3	uẽ	niuẽ	e	batch_review_unverified
bnf-f0131	c1-l034	1	Não	12	15	1	Não	Não	a	batch_review_unverified
bnf-f0131	c1-l042	1	perturbação	0	11	9	ção	perturbação	a	batch_review_unverified
bnf-f0131	c2-l004	1	razão	27	32	3	zão	razão	a	batch_review_unverified
bnf-f0131	c2-l007	1	razão	37	42	3	zão	razão	a	batch_review_unverified
bnf-f0131	c2-l012	1	occaſião	31	39	6	ião	occaſião	a	batch_review_unverified
bnf-f0131	c2-l014	1	occaſião	18	26	6	ião	occaſião	a	batch_review_unverified
bnf-f0131	c2-l016	1	algũa	31	36	3	gũa	algũa	u	batch_review_unverified
bnf-f0131	c2-l018	1	algũa	28	33	3	gũa	algũa	u	batch_review_unverified
bnf-f0131	c2-l022	1	hũa	18	21	1	hũa	hũa	u	batch_review_unverified
bnf-f0131	c2-l030	1	tão	31	34	1	tão	tão	a	batch_review_unverified
bnf-f0131	c2-l031	1	Não	6	9	1	Não	Não	a	batch_review_unverified
bnf-f0131	c2-l046	1	meã	28	31	2	eã	meã	a	batch_review_unverified
bnf-f0132	c1-l006	1	algũa	33	38	3	ũa	algũa	u	machine_scan_corrected
bnf-f0132	c1-l007	1	Algũa	12	17	3	gũa	Algũa	u	batch_review_unverified
bnf-f0132	c1-l008	1	algũa	0	5	3	ũa	algũa	u	machine_scan_corrected
bnf-f0132	c1-l008	2	feição	34	40	4	ção	feição	a	batch_review_unverified
bnf-f0132	c1-l015	1	hũa	25	28	1	hũa	hũa	u	batch_review_unverified
bnf-f0132	c1-l016	1	Iapão	17	22	3	pão	Iapão	a	batch_review_unverified
bnf-f0132	c1-l019	1	mão	42	45	1	mão	mão	a	batch_review_unverified
bnf-f0132	c1-l028	1	pelejão	7	14	5	jão	pelejão	a	batch_review_unverified
bnf-f0132	c1-l032	1	não	0	3	1	não	não	a	batch_review_unverified
bnf-f0132	c1-l038	1	Hũa	8	11	1	Hũa	Hũa	u	batch_review_unverified
bnf-f0132	c1-l042	1	mãos	2	6	1	mão	mãos	a	batch_review_unverified
bnf-f0132	c1-l043	1	Ficarão	18	25	5	rão	Ficarão	a	batch_review_unverified
bnf-f0132	c2-l003	1	Iapão	17	22	3	pão	Iapão	a	batch_review_unverified
bnf-f0132	c2-l024	1	lũa	0	3	1	lũa	lũa	u	batch_review_unverified
bnf-f0132	c2-l024	2	Iapão	7	12	3	pão	Iapão	a	batch_review_unverified
bnf-f0132	c2-l026	1	tão	0	3	1	tão	tão	a	batch_review_unverified
bnf-f0132	c2-l038	1	algũa	40	45	3	ũa	algũa	u	machine_scan_corrected
bnf-f0132	c2-l041	1	gũa	0	3	1	gũa	gũa	u	batch_review_unverified
bnf-f0132	c2-l043	1	não	31	34	1	não	não	a	batch_review_unverified
bnf-f0132	c2-l044	1	ocupações	10	19	6	çõe	ocupações	o	batch_review_unverified
bnf-f0133	c1-l008	1	algũa	15	20	3	ũa	algũa	u	machine_scan_corrected
bnf-f0133	c1-l012	1	mão	0	3	1	mão	mão	a	batch_review_unverified
bnf-f0133	c1-l015	1	Guarnição	10	19	7	ção	Guarnição	a	batch_review_unverified
bnf-f0133	c1-l022	1	leuão	21	26	3	uão	leuão	a	batch_review_unverified
bnf-f0133	c1-l024	1	leuão	29	34	3	uão	leuão	a	batch_review_unverified
bnf-f0133	c1-l040	1	lũa	21	24	1	lũa	lũa	u	batch_review_unverified
bnf-f0133	c2-l002	1	não	7	10	1	não	não	a	batch_review_unverified
bnf-f0133	c2-l016	1	não	0	3	1	não	não	a	batch_review_unverified
bnf-f0133	c2-l026	1	algũa	16	21	3	ũa	algũa	u	machine_scan_corrected
bnf-f0133	c2-l030	1	Não	35	38	1	Não	Não	a	batch_review_unverified
bnf-f0133	c2-l042	1	Hũa	22	25	1	Hũa	Hũa	u	batch_review_unverified
bnf-f0133	c2-l043	1	cação	0	5	3	ção	cação	a	batch_review_unverified
bnf-f0133	c2-l045	1	Embarcação	23	33	8	ção	Embarcação	a	batch_review_unverified
bnf-f0134	c1-l003	1	Iapões	42	48	3	põe	Iapões	o	batch_review_unverified
bnf-f0134	c1-l007	1	trabalhão	27	36	7	hão	trabalhão	a	batch_review_unverified
bnf-f0134	c1-l008	1	laurão	10	16	4	rão	laurão	a	batch_review_unverified
bnf-f0134	c1-l010	1	algũa	30	35	3	gũa	algũa	u	batch_review_unverified
bnf-f0134	c1-l012	1	algũa	33	38	3	ũa	algũa	u	machine_scan_corrected
bnf-f0134	c1-l016	1	Aleuã	31	36	4	uã	Aleuã	a	batch_review_unverified
bnf-f0134	c1-l017	1	algũa	4	9	3	ũa	algũa	u	machine_scan_corrected
bnf-f0134	c1-l020	1	diaquilão	22	31	7	lão	diaquilão	a	batch_review_unverified
bnf-f0134	c1-l021	1	pegão	10	15	3	gão	pegão	a	batch_review_unverified
bnf-f0134	c1-l028	1	andão	7	12	3	dão	andão	a	batch_review_unverified
bnf-f0134	c1-l028	2	hũa	17	20	1	hũa	hũa	u	batch_review_unverified
bnf-f0134	c1-l032	1	Chão	10	14	2	hão	Chão	a	batch_review_unverified
bnf-f0134	c1-l034	1	chão	30	34	2	hão	chão	a	batch_review_unverified
bnf-f0134	c1-l035	1	algũa	6	11	3	gũa	algũa	u	batch_review_unverified
bnf-f0134	c1-l047	1	algũa	35	40	3	gũa	algũa	u	batch_review_unverified
bnf-f0134	c2-l030	1	lũas	23	27	1	lũa	lũas	u	batch_review_unverified
bnf-f0134	c2-l030	2	Iapão	31	36	3	pão	Iapão	a	batch_review_unverified
bnf-f0134	c2-l033	1	Hũa	19	22	1	Hũa	Hũa	u	batch_review_unverified
bnf-f0135	c1a-l009	1	Iapão	33	38	3	pão	Iapão	a	batch_review_unverified
bnf-f0135	c1a-l011	1	Gudão	16	21	3	dão	Gudão	a	batch_review_unverified
bnf-f0135	c1a-l017	1	Hũa	10	13	1	Hũa	Hũa	u	batch_review_unverified
bnf-f0135	c1a-l026	1	hũas	35	39	1	hũa	hũas	u	batch_review_unverified
bnf-f0135	c1b-l004	1	Hũa	9	12	1	Hũa	Hũa	u	batch_review_unverified
bnf-f0135	c2-l016	1	mentão	0	6	4	tão	mentão	a	batch_review_unverified
bnf-f0135	c2-l016	2	ſojugão	10	17	5	gão	ſojugão	a	batch_review_unverified
bnf-f0135	c2-l022	1	cães	12	16	1	cãe	cães	a	batch_review_unverified
bnf-f0135	c2-l024	1	não	11	14	1	não	não	a	batch_review_unverified
bnf-f0135	c2-l026	1	tão	0	3	1	tão	tão	a	batch_review_unverified
bnf-f0135	c2-l026	2	Iapão	34	39	3	pão	Iapão	a	batch_review_unverified
bnf-f0135	c2-l034	1	mão	32	35	1	mão	mão	a	batch_review_unverified
bnf-f0135	c2-l035	1	algũa	27	32	3	gũa	algũa	u	batch_review_unverified
bnf-f0135	c2-l044	1	lião	0	4	2	ião	lião	a	batch_review_unverified
bnf-f0136	c1-l002	1	algũa	11	16	3	ũa	algũa	u	machine_scan_corrected
bnf-f0136	c1-l010	1	ficarão	0	7	5	rão	ficarão	a	batch_review_unverified
bnf-f0136	c1-l011	1	Não	17	20	1	Não	Não	a	batch_review_unverified
bnf-f0136	c1-l013	1	Não	12	15	1	Não	Não	a	batch_review_unverified
bnf-f0136	c1-l023	1	eſtão	35	40	3	tão	eſtão	a	batch_review_unverified
bnf-f0136	c1-l031	1	não	27	30	1	não	não	a	batch_review_unverified
bnf-f0136	c1-l042	1	algũa	5	10	3	ũa	algũa	u	machine_scan_corrected
bnf-f0136	c1-l047	1	algũa	28	33	3	ũa	algũa	u	machine_scan_corrected
bnf-f0136	c2-l012	1	não	38	41	1	não	não	a	batch_review_unverified
bnf-f0136	c2-l013	1	algũa	3	8	3	gũa	algũa	u	batch_review_unverified
bnf-f0136	c2-l022	1	uão	0	3	1	uão	uão	a	batch_review_unverified
bnf-f0136	c2-l022	2	diſſerão	36	44	6	rão	diſſerão	a	batch_review_unverified
bnf-f0136	c2-l027	1	não	10	13	1	não	não	a	batch_review_unverified
bnf-f0136	c2-l027	2	não	27	30	1	não	não	a	batch_review_unverified
bnf-f0136	c2-l031	1	recreação	31	40	7	ção	recreação	a	batch_review_unverified
bnf-f0136	c2-l034	1	Hũa	11	14	1	Hũa	Hũa	u	batch_review_unverified
bnf-f0136	c2-l040	1	boyão	36	41	3	yão	boyão	a	batch_review_unverified
bnf-f0136	c2-l043	1	não	29	32	1	não	não	a	batch_review_unverified
bnf-f0137	c1-l009	1	algũa	18	23	3	ũa	algũa	u	machine_scan_corrected
bnf-f0137	c1-l009	2	recreação	34	43	7	ção	recreação	a	batch_review_unverified
bnf-f0137	c1-l011	1	recreação	19	28	7	ção	recreação	a	batch_review_unverified
bnf-f0137	c1-l013	1	algũas	11	17	3	ũas	algũas	u	machine_scan_corrected
bnf-f0137	c1-l013	2	não	38	41	1	não	não	a	batch_review_unverified
bnf-f0137	c1-l014	1	algũa	25	30	3	ũa	algũa	u	machine_scan_corrected
bnf-f0137	c1-l014	2	oração	31	37	4	ção	oração	a	batch_review_unverified
bnf-f0137	c1-l015	1	não	42	45	1	não	não	a	batch_review_unverified
bnf-f0137	c1-l016	1	alguẽ	23	28	4	uẽ	alguẽ	e	batch_review_unverified
bnf-f0137	c1-l018	1	algũa	35	40	3	gũa	algũa	u	batch_review_unverified
bnf-f0137	c1-l023	1	hũa	14	17	1	hũa	hũa	u	batch_review_unverified
bnf-f0137	c1-l025	1	hũa	10	13	1	hũa	hũa	u	batch_review_unverified
bnf-f0137	c1-l027	1	Hũa	8	11	1	Hũa	Hũa	u	batch_review_unverified
bnf-f0137	c1-l034	1	algũa	20	25	3	ũa	algũa	u	machine_scan_corrected
bnf-f0137	c2-l002	1	algũa	21	26	3	ũa	algũa	u	machine_scan_corrected
bnf-f0137	c2-l006	1	Hũa	8	11	1	Hũa	Hũa	u	batch_review_unverified
bnf-f0137	c2-l009	1	cordão	18	24	4	dão	cordão	a	batch_review_unverified
bnf-f0137	c2-l009	2	amarrão	33	40	5	rão	amarrão	a	batch_review_unverified
bnf-f0137	c2-l013	1	dão	0	3	1	dão	dão	a	batch_review_unverified
bnf-f0137	c2-l022	1	rabãos	21	27	3	bão	rabãos	a	batch_review_unverified
bnf-f0137	c2-l024	1	algũas	9	15	3	ũas	algũas	u	machine_scan_corrected
bnf-f0137	c2-l034	1	algũa	21	26	3	ũa	algũa	u	machine_scan_corrected
bnf-f0137	c2-l038	1	algũa	38	43	3	gũa	algũa	u	batch_review_unverified
bnf-f0138	c1-l001	1	algũa	6	11	3	gũa	algũa	u	batch_review_unverified
bnf-f0138	c1-l002	1	dalgũa	5	11	4	gũa	dalgũa	u	batch_review_unverified
bnf-f0138	c1-l010	1	algũa	26	31	3	gũa	algũa	u	batch_review_unverified
bnf-f0138	c1-l014	1	prouiſão	0	8	6	ſão	prouiſão	a	batch_review_unverified
bnf-f0138	c1-l014	2	algũa	27	32	3	gũa	algũa	u	batch_review_unverified
bnf-f0138	c1-l016	1	tradição	17	25	6	ção	tradição	a	batch_review_unverified
bnf-f0138	c1-l020	1	foguaõ	19	25	5	aõ	foguaõ	o	batch_review_unverified
bnf-f0138	c1-l021	1	Iapão	8	13	3	pão	Iapão	a	batch_review_unverified
bnf-f0138	c1-l036	1	Conſideração	6	18	10	ção	Conſideração	a	batch_review_unverified
bnf-f0138	c1-l042	1	ſão	0	3	1	ſão	ſão	a	batch_review_unverified
bnf-f0138	c1-l047	1	ſeruẽ	31	36	4	uẽ	ſeruẽ	e	batch_review_unverified
bnf-f0138	c2-l003	1	não	16	19	1	não	não	a	batch_review_unverified
bnf-f0138	c2-l007	1	Hũas	11	15	1	Hũa	Hũas	u	batch_review_unverified
bnf-f0138	c2-l008	1	algũa	16	21	3	gũa	algũa	u	batch_review_unverified
bnf-f0138	c2-l008	2	eſtão	35	40	3	tão	eſtão	a	batch_review_unverified
bnf-f0138	c2-l019	1	afflições	21	30	6	çõe	afflições	o	batch_review_unverified
bnf-f0138	c2-l019	2	ſaluação	37	45	6	ção	ſaluação	a	batch_review_unverified
bnf-f0138	c2-l021	1	ſão	12	15	1	ſão	ſão	a	batch_review_unverified
bnf-f0138	c2-l030	1	algũa	21	26	3	gũa	algũa	u	batch_review_unverified
bnf-f0138	c2-l032	1	Hũa	6	9	1	Hũa	Hũa	u	batch_review_unverified
bnf-f0138	c2-l036	1	algũa	7	12	3	gũa	algũa	u	batch_review_unverified
bnf-f0139	c1-l003	1	embarcação	14	24	8	ção	embarcação	a	batch_review_unverified
bnf-f0139	c1-l010	1	chão	32	36	2	hão	chão	a	batch_review_unverified
bnf-f0139	c1-l022	1	Não	4	7	1	Não	Não	a	batch_review_unverified
bnf-f0139	c1-l029	1	Pauão	8	13	3	uão	Pauão	a	batch_review_unverified
bnf-f0139	c1-l036	1	tição	17	22	3	ção	tição	a	batch_review_unverified
bnf-f0139	c1-l037	1	botão	14	19	3	tão	botão	a	batch_review_unverified
bnf-f0139	c1-l045	1	tinhão	4	10	4	hão	tinhão	a	batch_review_unverified
bnf-f0139	c2-l003	1	não	24	27	1	não	não	a	batch_review_unverified
bnf-f0139	c2-l009	1	algũa	29	34	3	gũa	algũa	u	batch_review_unverified
bnf-f0139	c2-l012	1	algũa	13	18	3	gũa	algũa	u	batch_review_unverified
bnf-f0139	c2-l015	1	algũa	29	34	3	gũa	algũa	u	batch_review_unverified
bnf-f0139	c2-l019	1	amarrão	33	40	5	rão	amarrão	a	batch_review_unverified
bnf-f0139	c2-l019	2	alguẽ	41	46	4	uẽ	alguẽ	e	batch_review_unverified
bnf-f0139	c2-l024	1	Hũa	7	10	1	Hũa	Hũa	u	batch_review_unverified
bnf-f0139	c2-l025	1	algũa	28	33	3	gũa	algũa	u	batch_review_unverified
bnf-f0139	c2-l043	1	algũa	0	5	3	gũa	algũa	u	batch_review_unverified
bnf-f0139	c2-l046	1	Pauão	8	13	3	uão	Pauão	a	batch_review_unverified
bnf-f0140	c1-l013	1	Tão	34	37	1	Tão	Tão	a	batch_review_unverified
bnf-f0140	c1-l016	1	impõem	30	36	3	põe	impõem	o	batch_review_unverified
bnf-f0140	c1-l018	1	obrigação	6	15	7	ção	obrigação	a	batch_review_unverified
bnf-f0140	c1-l020	1	algũa	27	32	3	gũa	algũa	u	batch_review_unverified
bnf-f0140	c1-l022	1	mão	36	39	1	mão	mão	a	batch_review_unverified
bnf-f0140	c1-l026	1	algũa	4	9	3	gũa	algũa	u	batch_review_unverified
bnf-f0140	c1-l028	1	mão	29	32	1	mão	mão	a	batch_review_unverified
bnf-f0140	c1-l031	1	Hũa	8	11	1	Hũa	Hũa	u	batch_review_unverified
bnf-f0140	c1-l032	1	furão	0	5	3	rão	furão	a	batch_review_unverified
bnf-f0140	c1-l040	1	lũa	38	41	1	lũa	lũa	u	batch_review_unverified
bnf-f0140	c1-l042	1	lũa	27	30	1	lũa	lũa	u	batch_review_unverified
bnf-f0140	c1-l043	1	não	28	31	1	não	não	a	batch_review_unverified
bnf-f0140	c1-l043	2	ſõura	38	43	1	ſõu	ſõura	o	batch_review_unverified
bnf-f0140	c1-l048	1	cão	0	3	1	cão	cão	a	batch_review_unverified
bnf-f0140	c2-l006	1	falcão	25	31	4	cão	falcão	a	batch_review_unverified
bnf-f0140	c2-l007	1	dão	36	39	1	dão	dão	a	batch_review_unverified
bnf-f0140	c2-l008	1	pintão	31	37	4	tão	pintão	a	batch_review_unverified
bnf-f0140	c2-l010	1	jurão	35	40	3	rão	jurão	a	batch_review_unverified
bnf-f0140	c2-l011	1	não	41	44	1	não	não	a	batch_review_unverified
bnf-f0140	c2-l016	1	vnião	27	32	3	ião	vnião	a	batch_review_unverified
bnf-f0140	c2-l021	1	mãos	18	22	1	mão	mãos	a	batch_review_unverified
bnf-f0140	c2-l022	1	mãos	21	25	1	mão	mãos	a	batch_review_unverified
bnf-f0140	c2-l023	1	mãos	24	28	1	mão	mãos	a	batch_review_unverified
bnf-f0140	c2-l023	2	luão	36	40	2	uão	luão	a	batch_review_unverified
bnf-f0140	c2-l025	1	coração	22	29	5	ção	coração	a	batch_review_unverified
bnf-f0140	c2-l031	1	lião	7	11	2	ião	lião	a	batch_review_unverified
bnf-f0140	c2-l031	2	trauão	15	21	4	uão	trauão	a	batch_review_unverified
bnf-f0140	c2-l035	1	hũas	19	23	1	hũa	hũas	u	batch_review_unverified
bnf-f0140	c2-l037	1	hũas	27	31	1	hũa	hũas	u	batch_review_unverified
bnf-f0140	c2-l042	1	Iapão	16	21	3	pão	Iapão	a	batch_review_unverified
bnf-f0140	c2-l045	1	hũas	8	12	1	hũa	hũas	u	batch_review_unverified
bnf-f0140	c2-l046	1	hũas	12	16	1	hũa	hũas	u	batch_review_unverified
bnf-f0141	c1-l001	1	amarrão	8	15	5	rão	amarrão	a	batch_review_unverified
bnf-f0141	c1-l003	1	Inuenção	10	18	6	ção	Inuenção	a	batch_review_unverified
bnf-f0141	c1-l005	1	não	39	42	1	não	não	a	batch_review_unverified
bnf-f0141	c1-l009	1	cordões	4	11	4	dõe	cordões	o	batch_review_unverified
bnf-f0141	c1-l019	1	Hũa	8	11	1	Hũa	Hũa	u	batch_review_unverified
bnf-f0141	c1-l024	1	aſſentão	16	24	6	tão	aſſentão	a	batch_review_unverified
bnf-f0141	c1-l024	2	algũa	32	37	3	gũa	algũa	u	batch_review_unverified
bnf-f0141	c1-l028	1	Iapão	27	32	3	pão	Iapão	a	batch_review_unverified
bnf-f0141	c1-l035	1	feições	34	41	4	çõe	feições	o	batch_review_unverified
bnf-f0141	c1-l036	1	nuuẽs	13	18	3	uẽs	nuuẽs	e	batch_review_unverified
bnf-f0141	c1-l037	1	Interpoſição	15	27	10	ção	Interpoſição	a	batch_review_unverified
bnf-f0141	c1-l037	2	dalgũa	28	34	4	gũa	dalgũa	u	batch_review_unverified
bnf-f0141	c1-l039	1	Iapão	28	33	3	pão	Iapão	a	batch_review_unverified
bnf-f0141	c1-l044	1	algũa	5	10	3	gũa	algũa	u	batch_review_unverified
bnf-f0141	c2-l001	1	lũa	8	11	1	lũa	lũa	u	batch_review_unverified
bnf-f0141	c2-l003	1	coração	22	29	5	ção	coração	a	batch_review_unverified
bnf-f0141	c2-l013	1	Iapão	14	19	3	pão	Iapão	a	batch_review_unverified
bnf-f0141	c2-l020	1	pão	0	3	1	pão	pão	a	batch_review_unverified
bnf-f0141	c2-l027	1	vão	0	3	1	vão	vão	a	batch_review_unverified
bnf-f0141	c2-l040	1	cão	33	36	1	cão	cão	a	batch_review_unverified
bnf-f0141	c2-l042	1	cão	42	45	1	cão	cão	a	batch_review_unverified
bnf-f0141	c2-l044	1	Deſtruição	12	22	8	ção	Deſtruição	a	batch_review_unverified
bnf-f0141	c2-l047	1	cuſtumão	3	11	6	mão	cuſtumão	a	batch_review_unverified
bnf-f0141	c2-l047	2	Iapão	33	38	3	pão	Iapão	a	batch_review_unverified
bnf-f0142	c1-l002	1	dão	25	28	1	dão	dão	a	batch_review_unverified
bnf-f0142	c1-l008	1	hão	12	15	1	hão	hão	a	batch_review_unverified
bnf-f0142	c1-l015	1	Diuiſão	10	17	5	ſão	Diuiſão	a	batch_review_unverified
bnf-f0142	c1-l025	1	Iapão	14	19	3	pão	Iapão	a	batch_review_unverified
bnf-f0142	c1-l036	1	afflição	0	8	6	ção	afflição	a	batch_review_unverified
bnf-f0142	c1-l037	1	razão	10	15	3	zão	razão	a	batch_review_unverified
bnf-f0142	c1-l040	1	razões	21	27	3	zõe	razões	o	batch_review_unverified
bnf-f0142	c1-l040	2	não	39	42	1	não	não	a	batch_review_unverified
bnf-f0142	c1-l042	1	Não	0	3	1	Não	Não	a	batch_review_unverified
bnf-f0142	c1-l043	1	Hũa	21	24	1	Hũa	Hũa	u	batch_review_unverified
bnf-f0142	c1-l044	1	caruão	27	33	4	uão	caruão	a	batch_review_unverified
bnf-f0142	c2-l001	1	Não	28	31	1	Não	Não	a	batch_review_unverified
bnf-f0142	c2-l005	1	uerão	25	30	3	rão	uerão	a	batch_review_unverified
bnf-f0142	c2-l012	1	hũa	23	26	1	hũa	hũa	u	batch_review_unverified
bnf-f0142	c2-l014	1	Iapão	27	32	3	pão	Iapão	a	batch_review_unverified
bnf-f0142	c2-l022	1	algũa	0	5	3	gũa	algũa	u	batch_review_unverified
bnf-f0142	c2-l027	1	Hũa	9	12	1	Hũa	Hũa	u	batch_review_unverified
bnf-f0142	c2-l040	1	mão	32	35	1	mão	mão	a	batch_review_unverified
bnf-f0142	c2-l042	1	algũa	28	33	3	gũa	algũa	u	batch_review_unverified
bnf-f0143	c1-l001	1	ção	0	3	1	ção	ção	a	batch_review_unverified
bnf-f0143	c1-l001	2	algũa	17	22	3	gũa	algũa	u	batch_review_unverified
bnf-f0143	c1-l002	1	vão	17	20	1	vão	vão	a	batch_review_unverified
bnf-f0143	c1-l007	1	Melão	17	22	3	lão	Melão	a	batch_review_unverified
bnf-f0143	c1-l010	1	gurão	26	31	3	rão	gurão	a	batch_review_unverified
bnf-f0143	c1-l017	1	feição	3	9	4	ção	feição	a	batch_review_unverified
bnf-f0143	c1-l018	1	não	14	17	1	não	não	a	batch_review_unverified
bnf-f0143	c1-l019	1	feição	4	10	4	ção	feição	a	batch_review_unverified
bnf-f0143	c1-l020	1	hũa	39	42	1	hũa	hũa	u	batch_review_unverified
bnf-f0143	c1-l027	1	Comparação	8	18	8	ção	Comparação	a	batch_review_unverified
bnf-f0143	c1-l027	2	algũa	33	38	3	gũa	algũa	u	batch_review_unverified
bnf-f0143	c1-l031	1	Armação	10	17	5	ção	Armação	a	batch_review_unverified
bnf-f0143	c1-l039	1	quãdo	29	34	2	uãd	quãdo	a	batch_review_unverified
bnf-f0143	c2-l011	1	gũa	0	3	1	gũa	gũa	u	batch_review_unverified
bnf-f0143	c2-l015	1	mão	37	40	1	mão	mão	a	batch_review_unverified
bnf-f0143	c2-l016	1	cão	7	10	1	cão	cão	a	batch_review_unverified
bnf-f0143	c2-l034	1	coração	31	38	5	ção	coração	a	batch_review_unverified
bnf-f0144	c1-l001	1	arção	9	14	3	ção	arção	a	batch_review_unverified
bnf-f0144	c1-l015	1	quãdo	26	31	2	uãd	quãdo	a	batch_review_unverified
bnf-f0144	c1-l015	2	chão	42	46	2	hão	chão	a	batch_review_unverified
bnf-f0144	c1-l024	1	não	28	31	1	não	não	a	batch_review_unverified
bnf-f0144	c1-l027	1	verão	14	19	3	rão	verão	a	batch_review_unverified
bnf-f0144	c1-l031	1	Hũa	10	13	1	Hũa	Hũa	u	batch_review_unverified
bnf-f0144	c1-l043	1	algũa	33	38	3	gũa	algũa	u	batch_review_unverified
bnf-f0144	c1-l044	1	mão	28	31	1	mão	mão	a	batch_review_unverified
bnf-f0144	c2-l006	1	cordão	2	8	4	dão	cordão	a	batch_review_unverified
bnf-f0144	c2-l011	1	Hũa	28	31	1	Hũa	Hũa	u	batch_review_unverified
bnf-f0144	c2-l014	1	cepilhão	8	16	6	hão	cepilhão	a	batch_review_unverified
bnf-f0144	c2-l023	1	Iapão	16	21	3	pão	Iapão	a	batch_review_unverified
bnf-f0144	c2-l023	2	ſão	27	30	1	ſão	ſão	a	batch_review_unverified
bnf-f0144	c2-l023	3	hũas	31	35	1	hũa	hũas	u	batch_review_unverified
bnf-f0144	c2-l036	1	Hũa	10	13	1	Hũa	Hũa	u	batch_review_unverified
bnf-f0145	c1-l006	1	algũa	19	24	3	gũa	algũa	u	batch_review_unverified
bnf-f0145	c1-l013	1	Embarcação	10	20	8	ção	Embarcação	a	batch_review_unverified
bnf-f0145	c1-l015	1	Hũa	10	13	1	Hũa	Hũa	u	batch_review_unverified
bnf-f0145	c1-l017	1	Hũa	37	40	1	Hũa	Hũa	u	batch_review_unverified
bnf-f0145	c1-l028	1	Feijões	10	17	4	jõe	Feijões	o	batch_review_unverified
bnf-f0145	c1-l030	1	Hũa	8	11	1	Hũa	Hũa	u	batch_review_unverified
bnf-f0145	c1-l037	1	Hũa	13	16	1	Hũa	Hũa	u	batch_review_unverified
bnf-f0145	c1-l038	1	tõi	8	11	1	tõi	tõi	o	batch_review_unverified
bnf-f0145	c1-l043	1	Hũa	9	12	1	Hũa	Hũa	u	batch_review_unverified
bnf-f0145	c2-l028	1	chegão	5	11	4	gão	chegão	a	batch_review_unverified
bnf-f0145	c2-l036	1	vão	14	17	1	vão	vão	a	batch_review_unverified
bnf-f0145	c2-l036	2	mãos	22	26	1	mão	mãos	a	batch_review_unverified
bnf-f0146	c1-l009	1	inchação	10	18	6	ção	inchação	a	batch_review_unverified
bnf-f0146	c1-l025	1	Hũa	9	12	1	Hũa	Hũa	u	batch_review_unverified
bnf-f0146	c1-l036	1	hũa	32	35	1	hũa	hũa	u	batch_review_unverified
bnf-f0146	c1-l040	1	Hũa	17	20	1	Hũa	Hũa	u	batch_review_unverified
bnf-f0146	c2-l009	1	paixão	23	29	4	xão	paixão	a	batch_review_unverified
bnf-f0146	c2-l012	1	Calções	15	22	4	çõe	Calções	o	batch_review_unverified
bnf-f0146	c2-l020	1	queimação	32	41	7	ção	queimação	a	batch_review_unverified
bnf-f0146	c2-l024	1	dalgũa	32	38	4	gũa	dalgũa	u	batch_review_unverified
bnf-f0146	c2-l030	1	aſaſtão	22	29	5	tão	aſaſtão	a	batch_review_unverified
bnf-f0146	c2-l031	1	Iapão	21	26	3	pão	Iapão	a	batch_review_unverified
bnf-f0146	c2-l033	1	crião	24	29	3	ião	crião	a	batch_review_unverified
bnf-f0147	c1-l004	1	dão	16	19	1	dão	dão	a	batch_review_unverified
bnf-f0147	c1-l007	1	boyões	32	38	3	yõe	boyões	o	batch_review_unverified
bnf-f0147	c1-l015	1	algũa	17	22	3	gũa	algũa	u	batch_review_unverified
bnf-f0147	c1-l035	1	alguẽ	38	43	4	uẽ	alguẽ	e	batch_review_unverified
bnf-f0147	c1-l036	1	ſejão	20	25	3	jão	ſejão	a	batch_review_unverified
bnf-f0147	c1-l046	1	embarcação	5	15	8	ção	embarcação	a	batch_review_unverified
bnf-f0147	c2-l008	1	não	9	12	1	não	não	a	batch_review_unverified
bnf-f0147	c2-l008	2	comão	13	18	3	mão	comão	a	batch_review_unverified
bnf-f0147	c2-l013	1	deſcalção	26	35	7	ção	deſcalção	a	batch_review_unverified
bnf-f0147	c2-l014	1	deixão	0	6	4	xão	deixão	a	batch_review_unverified
bnf-f0147	c2-l020	1	Hũa	13	16	1	Hũa	Hũa	u	batch_review_unverified
bnf-f0147	c2-l029	1	Iapão	20	25	3	pão	Iapão	a	batch_review_unverified
bnf-f0147	c2-l029	2	lũa	39	42	1	lũa	lũa	u	batch_review_unverified
bnf-f0147	c2-l030	1	hũa	15	18	1	hũa	hũa	u	batch_review_unverified
bnf-f0147	c2-l034	1	gũa	0	3	1	gũa	gũa	u	batch_review_unverified
bnf-f0147	c2-l035	1	traição	4	11	5	ção	traição	a	batch_review_unverified
bnf-f0148	c1-l006	1	algũa	24	29	3	gũa	algũa	u	batch_review_unverified
bnf-f0148	c1-l008	1	Hũa	8	11	1	Hũa	Hũa	u	batch_review_unverified
bnf-f0148	c1-l008	2	vierão	36	42	4	rão	vierão	a	batch_review_unverified
bnf-f0148	c1-l009	1	Sião	0	4	2	ião	Sião	a	batch_review_unverified
bnf-f0148	c1-l014	1	não	24	27	1	não	não	a	batch_review_unverified
bnf-f0148	c1-l016	1	dauão	32	37	3	uão	dauão	a	batch_review_unverified
bnf-f0148	c1-l021	1	Cão	18	21	1	Cão	Cão	a	batch_review_unverified
bnf-f0148	c1-l028	1	Hũa	7	10	1	Hũa	Hũa	u	batch_review_unverified
bnf-f0148	c1-l039	1	hũa	9	12	1	hũa	hũa	u	batch_review_unverified
bnf-f0148	c1-l039	2	cuidão	35	41	4	dão	cuidão	a	batch_review_unverified
bnf-f0148	c1-l044	1	coração	8	15	5	ção	coração	a	batch_review_unverified
bnf-f0148	c2-l001	1	inclinação	5	15	8	ção	inclinação	a	batch_review_unverified
bnf-f0148	c2-l003	1	gação	0	5	3	ção	gação	a	batch_review_unverified
bnf-f0148	c2-l008	1	torrões	0	7	4	rõe	torrões	o	batch_review_unverified
bnf-f0148	c2-l014	1	ranchão	17	24	5	hão	ranchão	a	batch_review_unverified
bnf-f0148	c2-l020	1	Hũas	24	28	1	Hũa	Hũas	u	batch_review_unverified
bnf-f0148	c2-l023	1	dedicação	38	47	7	ção	dedicação	a	batch_review_unverified
bnf-f0148	c2-l024	1	collocação	15	25	8	ção	collocação	a	batch_review_unverified
bnf-f0148	c2-l025	1	dedicação	20	29	7	ção	dedicação	a	batch_review_unverified
bnf-f0148	c2-l027	1	dedicação	9	18	7	ção	dedicação	a	batch_review_unverified
bnf-f0148	c2-l040	1	Calções	12	19	4	çõe	Calções	o	batch_review_unverified
bnf-f0148	c2-l042	1	Hũa	13	16	1	Hũa	Hũa	u	batch_review_unverified
bnf-f0149	c1a-l001	1	Deſtruição	9	19	8	ção	Deſtruição	a	batch_review_unverified
bnf-f0149	c1b-l007	1	ções	0	4	1	çõe	ções	o	batch_review_unverified
bnf-f0149	c1b-l008	1	não	12	15	1	não	não	a	batch_review_unverified
bnf-f0149	c1b-l010	1	algũa	23	28	3	gũa	algũa	u	batch_review_unverified
bnf-f0149	c1b-l010	2	deſproporção	29	41	10	ção	deſproporção	a	batch_review_unverified
bnf-f0149	c1b-l017	1	quã	34	37	2	uã	quã	a	batch_review_unverified
bnf-f0149	c1b-l020	1	Hũa	7	10	1	Hũa	Hũa	u	batch_review_unverified
bnf-f0149	c1b-l023	1	Hũa	9	12	1	Hũa	Hũa	u	batch_review_unverified
bnf-f0149	c1b-l032	1	Iapão	6	11	3	pão	Iapão	a	batch_review_unverified
bnf-f0149	c2-l006	1	coração	23	30	5	ção	coração	a	batch_review_unverified
bnf-f0149	c2-l015	1	falcões	15	22	4	cõe	falcões	o	batch_review_unverified
bnf-f0149	c2-l024	1	algũa	26	31	3	gũa	algũa	u	batch_review_unverified
bnf-f0149	c2-l036	1	tirão	10	15	3	rão	tirão	a	batch_review_unverified
bnf-f0149	c2-l036	2	ſão	42	45	1	ſão	ſão	a	batch_review_unverified
bnf-f0149	c2-l046	1	boyãoſinho	18	28	3	yão	boyãoſinho	a	batch_review_unverified
bnf-f0150	c1-l010	1	hũa	26	29	1	hũa	hũa	u	batch_review_unverified
bnf-f0150	c1-l012	1	hũa	8	11	1	hũa	hũa	u	batch_review_unverified
bnf-f0150	c1-l014	1	Hũas	12	16	1	Hũa	Hũas	u	batch_review_unverified
bnf-f0150	c1-l014	2	eſtão	34	39	3	tão	eſtão	a	batch_review_unverified
bnf-f0150	c1-l017	1	Rabão	19	24	3	bão	Rabão	a	batch_review_unverified
bnf-f0150	c1-l018	1	rabão	31	36	3	bão	rabão	a	batch_review_unverified
bnf-f0150	c1-l028	1	Porção	7	13	4	ção	Porção	a	batch_review_unverified
bnf-f0150	c1-l029	1	hũa	5	8	1	hũa	hũa	u	batch_review_unverified
bnf-f0150	c1-l030	1	porção	27	33	4	ção	porção	a	batch_review_unverified
bnf-f0150	c1-l031	1	ração	0	5	3	ção	ração	a	batch_review_unverified
bnf-f0150	c1-l032	1	porção	28	34	4	ção	porção	a	batch_review_unverified
bnf-f0150	c1-l035	1	compaixão	31	40	7	xão	compaixão	a	batch_review_unverified
bnf-f0150	c1-l039	1	celebrão	0	8	6	rão	celebrão	a	batch_review_unverified
bnf-f0150	c2-l002	1	algũa	31	36	3	gũa	algũa	u	batch_review_unverified
bnf-f0150	c2-l003	1	Hũa	9	12	1	Hũa	Hũa	u	batch_review_unverified
bnf-f0150	c2-l020	1	denominão	29	38	7	não	denominão	a	batch_review_unverified
bnf-f0150	c2-l021	1	chamão	0	6	4	mão	chamão	a	batch_review_unverified
bnf-f0150	c2-l024	1	Não	15	18	1	Não	Não	a	batch_review_unverified
bnf-f0150	c2-l026	1	paixão	0	6	4	xão	paixão	a	batch_review_unverified
bnf-f0150	c2-l035	1	roação	0	6	4	ção	roação	a	batch_review_unverified
bnf-f0150	c2-l047	1	algũa	22	27	3	gũa	algũa	u	batch_review_unverified
bnf-f0151	c1-l016	1	algũa	11	16	3	gũa	algũa	u	batch_review_unverified
bnf-f0151	c1-l029	1	algũas	19	25	3	gũa	algũas	u	batch_review_unverified
bnf-f0151	c1-l034	1	coração	28	35	5	ção	coração	a	batch_review_unverified
bnf-f0151	c1-l035	1	coração	26	33	5	ção	coração	a	batch_review_unverified
bnf-f0151	c1-l041	1	meditação	9	18	7	ção	meditação	a	batch_review_unverified
bnf-f0151	c2-l014	1	golfão	30	36	4	fão	golfão	a	batch_review_unverified
bnf-f0151	c2-l021	1	Grãos	14	19	2	rão	Grãos	a	batch_review_unverified
bnf-f0151	c2-l021	2	feijões	24	31	4	jõe	feijões	o	batch_review_unverified
bnf-f0151	c2-l021	3	Iapão	35	40	3	pão	Iapão	a	batch_review_unverified
bnf-f0151	c2-l035	1	comendação	15	25	8	ção	comendação	a	batch_review_unverified
bnf-f0151	c2-l041	1	botão	28	33	3	tão	botão	a	batch_review_unverified
bnf-f0151	c2-l041	2	algũa	34	39	3	gũa	algũa	u	batch_review_unverified
bnf-f0152	c1-l007	1	Pregação	8	16	6	ção	Pregação	a	batch_review_unverified
bnf-f0152	c1-l014	1	algũa	23	28	3	gũa	algũa	u	batch_review_unverified
bnf-f0152	c1-l016	1	ceſſarão	6	14	6	rão	ceſſarão	a	batch_review_unverified
bnf-f0152	c1-l016	2	acabarão	19	27	6	rão	acabarão	a	batch_review_unverified
bnf-f0152	c1-l020	1	Iapão	22	27	3	pão	Iapão	a	batch_review_unverified
bnf-f0152	c1-l026	1	Hũa	7	10	1	Hũa	Hũa	u	batch_review_unverified
bnf-f0152	c1-l027	1	Não	21	24	1	Não	Não	a	batch_review_unverified
bnf-f0152	c1-l029	1	Deſtruição	23	33	8	ção	Deſtruição	a	batch_review_unverified
bnf-f0152	c1-l031	1	dalgũa	0	6	4	gũa	dalgũa	u	batch_review_unverified
bnf-f0152	c1-l032	1	continuão	24	33	7	uão	continuão	a	batch_review_unverified
bnf-f0152	c1-l033	1	encomendão	13	23	8	dão	encomendão	a	batch_review_unverified
bnf-f0152	c1-l038	1	Hũa	8	11	1	Hũa	Hũa	u	batch_review_unverified
bnf-f0152	c1-l039	1	não	3	6	1	não	não	a	batch_review_unverified
bnf-f0152	c2-l005	1	alguẽ	0	5	4	uẽ	alguẽ	e	batch_review_unverified
bnf-f0152	c2-l005	2	não	35	38	1	não	não	a	batch_review_unverified
bnf-f0152	c2-l008	1	ladrão	0	6	4	rão	ladrão	a	batch_review_unverified
bnf-f0152	c2-l020	1	algũa	0	5	3	gũa	algũa	u	batch_review_unverified
bnf-f0152	c2-l022	1	algũa	34	39	3	gũa	algũa	u	batch_review_unverified
bnf-f0152	c2-l032	1	feição	10	16	4	ção	feição	a	batch_review_unverified
bnf-f0152	c2-l040	1	dalgũa	30	36	4	gũa	dalgũa	u	batch_review_unverified
bnf-f0153	c1a-l001	1	Oſtentação	6	16	8	ção	Oſtentação	a	batch_review_unverified
bnf-f0153	c1a-l001	2	dalgũa	17	23	4	gũa	dalgũa	u	batch_review_unverified
bnf-f0153	c1a-l002	1	oſtentação	15	25	8	ção	oſtentação	a	batch_review_unverified
bnf-f0153	c1a-l006	1	oſtentação	28	38	8	ção	oſtentação	a	batch_review_unverified
bnf-f0153	c1a-l009	1	vão	33	36	1	vão	vão	a	batch_review_unverified
bnf-f0153	c1a-l010	1	leuão	32	37	3	uão	leuão	a	batch_review_unverified
bnf-f0153	c1a-l017	1	barcação	0	8	6	ção	barcação	a	batch_review_unverified
bnf-f0153	c1a-l026	1	chamão	37	43	4	mão	chamão	a	batch_review_unverified
bnf-f0153	c1a-l029	1	algũa	6	11	3	gũa	algũa	u	batch_review_unverified
bnf-f0153	c1a-l034	1	leuão	10	15	3	uão	leuão	a	batch_review_unverified
bnf-f0153	c1a-l034	2	vão	36	39	1	vão	vão	a	batch_review_unverified
bnf-f0153	c1a-l037	1	Balcão	13	19	4	cão	Balcão	a	batch_review_unverified
bnf-f0153	c2-l004	1	Não	32	35	1	Não	Não	a	batch_review_unverified
bnf-f0153	c2-l011	1	ſignificação	36	48	10	ção	ſignificação	a	batch_review_unverified
bnf-f0153	c2-l014	1	Formãoſe	27	35	4	mão	Formãoſe	a	batch_review_unverified
bnf-f0153	c2-l022	1	barcação	0	8	6	ção	barcação	a	batch_review_unverified
bnf-f0153	c2-l030	1	ſeruirão	24	32	6	rão	ſeruirão	a	batch_review_unverified
bnf-f0153	c2-l032	1	lũa	6	9	1	lũa	lũa	u	batch_review_unverified
bnf-f0153	c2-l035	1	algũa	25	30	3	gũa	algũa	u	batch_review_unverified
bnf-f0153	c2-l036	1	perfeição	20	29	7	ção	perfeição	a	batch_review_unverified
bnf-f0153	c2-l047	1	ſaẽ	21	24	2	aẽ	ſaẽ	e	batch_review_unverified
bnf-f0154	c1-l002	1	não	0	3	1	não	não	a	batch_review_unverified
bnf-f0154	c1-l004	1	Embarcação	8	18	8	ção	Embarcação	a	batch_review_unverified
bnf-f0154	c1-l006	1	latão	16	21	3	tão	latão	a	batch_review_unverified
bnf-f0154	c1-l009	1	agaſalhão	32	41	7	hão	agaſalhão	a	batch_review_unverified
bnf-f0154	c1-l013	1	imaginão	8	16	6	não	imaginão	a	batch_review_unverified
bnf-f0154	c1-l016	1	vão	25	28	1	vão	vão	a	batch_review_unverified
bnf-f0154	c1-l042	1	dão	14	17	1	dão	dão	a	batch_review_unverified
bnf-f0154	c1-l045	1	eſtão	37	42	3	tão	eſtão	a	batch_review_unverified
bnf-f0154	c2-l001	1	gũa	0	3	1	gũa	gũa	u	batch_review_unverified
bnf-f0154	c2-l001	2	dedução	14	21	5	ção	dedução	a	batch_review_unverified
bnf-f0154	c2-l002	1	dedução	27	34	5	ção	dedução	a	batch_review_unverified
bnf-f0154	c2-l010	1	algũa	30	35	3	gũa	algũa	u	batch_review_unverified
bnf-f0154	c2-l018	1	algũa	4	9	3	gũa	algũa	u	batch_review_unverified
bnf-f0154	c2-l022	1	ſoão	19	23	2	oão	ſoão	a	batch_review_unverified
bnf-f0154	c2-l035	1	hũa	16	19	1	hũa	hũa	u	batch_review_unverified
bnf-f0154	c2-l036	1	algũa	27	32	3	gũa	algũa	u	batch_review_unverified
bnf-f0154	c2-l038	1	acabarão	19	27	6	rão	acabarão	a	batch_review_unverified
bnf-f0154	c2-l039	1	Cõuidar	13	20	1	Cõu	Cõuidar	o	batch_review_unverified
bnf-f0154	c2-l039	2	alguẽ	23	28	4	uẽ	alguẽ	e	batch_review_unverified
bnf-f0154	c2-l041	1	não	28	31	1	não	não	a	batch_review_unverified
bnf-f0155	c1a-l001	1	vão	20	23	1	vão	vão	a	batch_review_unverified
bnf-f0155	c1b-l007	1	hũa	27	30	1	hũa	hũa	u	batch_review_unverified
bnf-f0155	c1b-l009	1	feição	39	45	4	ção	feição	a	batch_review_unverified
bnf-f0155	c1b-l019	1	roupão	32	38	4	pão	roupão	a	batch_review_unverified
bnf-f0155	c1b-l020	1	Iapão	6	11	3	pão	Iapão	a	batch_review_unverified
bnf-f0155	c1b-l029	1	algũa	14	19	3	gũa	algũa	u	batch_review_unverified
bnf-f0155	c2-l005	1	Hũa	9	12	1	Hũa	Hũa	u	batch_review_unverified
bnf-f0155	c2-l006	1	dalgũa	17	23	4	gũa	dalgũa	u	batch_review_unverified
bnf-f0155	c2-l006	2	não	36	39	1	não	não	a	batch_review_unverified
bnf-f0155	c2-l010	1	quẽtura	30	37	2	uẽt	quẽtura	e	batch_review_unverified
bnf-f0155	c2-l035	1	Não	17	20	1	Não	Não	a	batch_review_unverified
bnf-f0155	c2-l040	1	hũa	17	20	1	hũa	hũa	u	batch_review_unverified
bnf-f0155	c2-l043	1	algũa	18	23	3	gũa	algũa	u	batch_review_unverified
bnf-f0155	c2-l047	1	Não	12	15	1	Não	Não	a	batch_review_unverified
bnf-f0156	c1-l043	1	Hũa	31	34	1	Hũa	Hũa	u	batch_review_unverified
bnf-f0156	c1-l044	1	mão	0	3	1	mão	mão	a	batch_review_unverified
bnf-f0156	c1-l044	2	mão	16	19	1	mão	mão	a	batch_review_unverified
bnf-f0156	c1-l045	1	não	36	39	1	não	não	a	batch_review_unverified
bnf-f0156	c1-l046	1	pellejão	0	8	6	jão	pellejão	a	batch_review_unverified
bnf-f0156	c1-l046	2	hũa	19	22	1	hũa	hũa	u	batch_review_unverified
bnf-f0156	c1-l046	3	mão	23	26	1	mão	mão	a	batch_review_unverified
bnf-f0156	c1-l047	1	não	15	18	1	não	não	a	batch_review_unverified
bnf-f0156	c1-l048	1	mão	6	9	1	mão	mão	a	batch_review_unverified
bnf-f0156	c2-l004	1	aſſentão	26	34	6	tão	aſſentão	a	batch_review_unverified
bnf-f0156	c2-l006	1	ficão	20	25	3	cão	ficão	a	batch_review_unverified
bnf-f0156	c2-l037	1	hũa	29	32	1	hũa	hũa	u	batch_review_unverified
bnf-f0156	c2-l040	1	mão	6	9	1	mão	mão	a	batch_review_unverified
bnf-f0156	c2-l041	1	eſcriuão	0	8	6	uão	eſcriuão	a	batch_review_unverified
bnf-f0156	c2-l042	1	Irmãos	19	25	3	mão	Irmãos	a	batch_review_unverified
bnf-f0156	c2-l044	1	guarnição	22	31	7	ção	guarnição	a	batch_review_unverified
bnf-f0156	c2-l045	1	hũa	27	30	1	hũa	hũa	u	batch_review_unverified
bnf-f0157	c1-l001	1	eſtão	31	36	3	tão	eſtão	a	batch_review_unverified
bnf-f0157	c1-l012	1	algũa	10	15	3	gũa	algũa	u	batch_review_unverified
bnf-f0157	c1-l012	2	não	30	33	1	não	não	a	batch_review_unverified
bnf-f0157	c1-l013	1	borcão	16	22	4	cão	borcão	a	batch_review_unverified
bnf-f0157	c1-l014	1	embarcação	17	27	8	ção	embarcação	a	batch_review_unverified
bnf-f0157	c1-l021	1	rapão	22	27	3	pão	rapão	a	batch_review_unverified
bnf-f0157	c1-l021	2	dão	32	35	1	dão	dão	a	batch_review_unverified
bnf-f0157	c1-l022	1	mão	0	3	1	mão	mão	a	batch_review_unverified
bnf-f0157	c1-l022	2	buſcão	16	22	4	cão	buſcão	a	batch_review_unverified
bnf-f0157	c1-l022	3	ſaluação	25	33	6	ção	ſaluação	a	batch_review_unverified
bnf-f0157	c1-l027	1	Chão	22	26	2	hão	Chão	a	batch_review_unverified
bnf-f0157	c1-l033	1	encarnação	19	29	8	ção	encarnação	a	batch_review_unverified
bnf-f0157	c1-l035	1	coſtumão	20	28	6	mão	coſtumão	a	batch_review_unverified
bnf-f0157	c1-l039	1	coração	29	36	5	ção	coração	a	batch_review_unverified
bnf-f0157	c1-l040	1	opinião	0	7	5	ião	opinião	a	batch_review_unverified
bnf-f0157	c1-l045	1	Hũa	10	13	1	Hũa	Hũa	u	batch_review_unverified
bnf-f0157	c2-l014	1	deuação	14	21	5	ção	deuação	a	batch_review_unverified
bnf-f0157	c2-l015	1	não	3	6	1	não	não	a	batch_review_unverified
bnf-f0157	c2-l017	1	quietação	0	9	7	ção	quietação	a	batch_review_unverified
bnf-f0157	c2-l020	1	feição	14	20	4	ção	feição	a	batch_review_unverified
bnf-f0157	c2-l020	2	fechão	37	43	4	hão	fechão	a	batch_review_unverified
bnf-f0157	c2-l021	1	hũa	4	7	1	hũa	hũa	u	batch_review_unverified
bnf-f0157	c2-l033	1	bebião	5	11	4	ião	bebião	a	batch_review_unverified
bnf-f0157	c2-l038	1	Religião	16	24	6	ião	Religião	a	batch_review_unverified
bnf-f0157	c2-l039	1	geração	0	7	5	ção	geração	a	batch_review_unverified
bnf-f0158	c1-l024	1	meditações	18	28	7	çõe	meditações	o	batch_review_unverified
bnf-f0158	c1-l041	1	não	22	25	1	não	não	a	batch_review_unverified
bnf-f0158	c1-l042	1	não	33	36	1	não	não	a	batch_review_unverified
bnf-f0158	c1-l043	1	reprenſão	11	20	7	ſão	reprenſão	a	batch_review_unverified
bnf-f0158	c2-l005	1	falcão	22	28	4	cão	falcão	a	batch_review_unverified
bnf-f0158	c2-l012	1	Torrão	27	33	4	rão	Torrão	a	batch_review_unverified
bnf-f0158	c2-l013	1	Dôquã	0	5	4	uã	Dôquã	a	batch_review_unverified
bnf-f0158	c2-l014	1	vigião	38	44	4	ião	vigião	a	batch_review_unverified
bnf-f0158	c2-l015	1	Perturbação	21	32	9	ção	Perturbação	a	batch_review_unverified
bnf-f0158	c2-l017	1	perturbação	0	11	9	ção	perturbação	a	batch_review_unverified
bnf-f0158	c2-l022	1	Rezão	6	11	3	zão	Rezão	a	batch_review_unverified
bnf-f0158	c2-l023	1	rezão	27	32	3	zão	rezão	a	batch_review_unverified
bnf-f0158	c2-l025	1	rezão	0	5	3	zão	rezão	a	batch_review_unverified
bnf-f0158	c2-l026	1	rezão	28	33	3	zão	rezão	a	batch_review_unverified
bnf-f0158	c2-l037	1	paſſão	27	33	4	ſão	paſſão	a	batch_review_unverified
bnf-f0158	c2-l041	1	algũa	37	42	3	gũa	algũa	u	batch_review_unverified
bnf-f0159	c1-l003	1	perturbação	23	34	9	ção	perturbação	a	batch_review_unverified
bnf-f0159	c1-l008	1	ditações	0	8	5	çõe	ditações	o	batch_review_unverified
bnf-f0159	c1-l025	1	eſtão	10	15	3	tão	eſtão	a	batch_review_unverified
bnf-f0159	c1-l027	1	meditações	0	10	7	çõe	meditações	o	batch_review_unverified
bnf-f0159	c1-l027	2	Perfeição	29	38	7	ção	Perfeição	a	batch_review_unverified
bnf-f0159	c1-l042	1	meditações	11	21	7	çõe	meditações	o	batch_review_unverified
bnf-f0159	c1-l046	1	ção	0	3	1	ção	ção	a	batch_review_unverified
bnf-f0159	c2-l008	1	Deuação	7	14	5	ção	Deuação	a	batch_review_unverified
bnf-f0159	c2-l008	2	ſaluação	29	37	6	ção	ſaluação	a	batch_review_unverified
bnf-f0159	c2-l009	1	deuação	30	37	5	ção	deuação	a	batch_review_unverified
bnf-f0159	c2-l010	1	deuação	28	35	5	ção	deuação	a	batch_review_unverified
bnf-f0159	c2-l015	1	ſaluação	0	8	6	ção	ſaluação	a	batch_review_unverified
bnf-f0159	c2-l018	1	geração	28	35	5	ção	geração	a	batch_review_unverified
bnf-f0159	c2-l020	1	geração	15	22	5	ção	geração	a	batch_review_unverified
bnf-f0159	c2-l022	1	condição	26	34	6	ção	condição	a	batch_review_unverified
bnf-f0159	c2-l031	1	hũa	29	32	1	hũa	hũa	u	batch_review_unverified
bnf-f0159	c2-l032	1	imaginão	9	17	6	não	imaginão	a	batch_review_unverified
bnf-f0159	c2-l035	1	conjunção	12	21	7	ção	conjunção	a	batch_review_unverified
bnf-f0159	c2-l036	1	Iapão	36	41	3	pão	Iapão	a	batch_review_unverified
bnf-f0160	c1-l002	1	Iapão	11	16	3	pão	Iapão	a	batch_review_unverified
bnf-f0160	c1-l007	1	Gudão	18	23	3	dão	Gudão	a	batch_review_unverified
bnf-f0160	c1-l017	1	não	42	45	1	não	não	a	batch_review_unverified
bnf-f0160	c1-l018	1	tão	3	6	1	tão	tão	a	batch_review_unverified
bnf-f0160	c1f-l004	1	religião	9	17	6	ião	religião	a	batch_review_unverified
bnf-f0160	c1f-l007	1	zerãoſe	0	7	3	rão	zerãoſe	a	batch_review_unverified
bnf-f0160	c2-l005	1	oſtentação	18	28	8	ção	oſtentação	a	batch_review_unverified
bnf-f0160	c2-l013	1	Não	7	10	1	Não	Não	a	batch_review_unverified
bnf-f0160	c2-l017	1	algũa	23	28	3	gũa	algũa	u	batch_review_unverified
bnf-f0160	c2-l018	1	Hũas	8	12	1	Hũa	Hũas	u	batch_review_unverified
bnf-f0160	c2-l018	2	cuſtumão	32	40	6	mão	cuſtumão	a	batch_review_unverified
bnf-f0160	c2-l019	1	Iapão	0	5	3	pão	Iapão	a	batch_review_unverified
bnf-f0160	c2-l019	2	não	24	27	1	não	não	a	batch_review_unverified
bnf-f0160	c2-l019	3	chegão	28	34	4	gão	chegão	a	batch_review_unverified
bnf-f0160	c2-l031	1	algũa	34	39	3	gũa	algũa	u	batch_review_unverified
bnf-f0160	c2-l040	1	não	7	10	1	não	não	a	batch_review_unverified
bnf-f0160	c2-l045	1	Hũa	10	13	1	Hũa	Hũa	u	batch_review_unverified
bnf-f0160	c2-l046	1	eſtão	33	38	3	tão	eſtão	a	batch_review_unverified
bnf-f0161	c1-l015	1	Não	4	7	1	Não	Não	a	batch_review_unverified
bnf-f0161	c1-l015	2	não	29	32	1	não	não	a	batch_review_unverified
bnf-f0161	c1-l018	1	Couſabõa	13	21	6	bõa	Couſabõa	o	batch_review_unverified
bnf-f0161	c1-l020	1	Não	0	3	1	Não	Não	a	batch_review_unverified
bnf-f0161	c1-l021	1	Não	17	20	1	Não	Não	a	batch_review_unverified
bnf-f0161	c1-l022	1	não	3	6	1	não	não	a	batch_review_unverified
bnf-f0161	c1-l025	1	falcão	3	9	4	cão	falcão	a	batch_review_unverified
bnf-f0161	c1-l030	1	prohibição	3	13	8	ção	prohibição	a	batch_review_unverified
bnf-f0161	c1-l037	1	hũa	19	22	1	hũa	hũa	u	batch_review_unverified
bnf-f0161	c1-l038	1	mudão	24	29	3	dão	mudão	a	batch_review_unverified
bnf-f0161	c1-l039	1	chamão	13	19	4	mão	chamão	a	batch_review_unverified
bnf-f0161	c1-l042	1	inuenção	22	30	6	ção	inuenção	a	batch_review_unverified
bnf-f0161	c1-l043	1	algũa	28	33	3	gũa	algũa	u	batch_review_unverified
bnf-f0161	c1-l044	1	traição	5	12	5	ção	traição	a	batch_review_unverified
bnf-f0161	c2-l004	1	vſão	0	4	2	ſão	vſão	a	batch_review_unverified
bnf-f0161	c2-l004	2	Iapão	8	13	3	pão	Iapão	a	batch_review_unverified
bnf-f0161	c2-l008	1	Hũa	7	10	1	Hũa	Hũa	u	batch_review_unverified
bnf-f0161	c2-l027	1	algũa	20	25	3	gũa	algũa	u	batch_review_unverified
bnf-f0161	c2-l028	1	eſtalão	21	28	5	lão	eſtalão	a	batch_review_unverified
bnf-f0161	c2-l035	1	melão	0	5	3	lão	melão	a	batch_review_unverified
bnf-f0161	c2-l036	1	mãos	0	4	1	mão	mãos	a	batch_review_unverified
bnf-f0161	c2-l041	1	eſtalão	25	32	5	lão	eſtalão	a	batch_review_unverified
bnf-f0161	c2-l042	1	golfão	17	23	4	fão	golfão	a	batch_review_unverified
bnf-f0161	c2-l042	2	golfão	36	42	4	fão	golfão	a	batch_review_unverified
bnf-f0161	c2-l046	1	fão	0	3	1	fão	fão	a	batch_review_unverified
bnf-f0162	c1-l011	1	gũa	0	3	1	gũa	gũa	u	batch_review_unverified
bnf-f0162	c1-l014	1	Hũa	10	13	1	Hũa	Hũa	u	batch_review_unverified
bnf-f0162	c1-l020	1	Iapão	9	14	3	pão	Iapão	a	batch_review_unverified
bnf-f0162	c1-l021	1	Lũa	0	3	1	Lũa	Lũa	u	batch_review_unverified
bnf-f0162	c1-l025	1	algũa	13	18	3	gũa	algũa	u	batch_review_unverified
bnf-f0162	c1-l025	2	embarcação	19	29	8	ção	embarcação	a	batch_review_unverified
bnf-f0162	c1-l031	1	pouſão	28	34	4	ſão	pouſão	a	batch_review_unverified
bnf-f0162	c1-l041	1	Hũa	30	33	1	Hũa	Hũa	u	batch_review_unverified
bnf-f0162	c2-l005	1	irmão	21	26	3	mão	irmão	a	batch_review_unverified
bnf-f0162	c2-l014	1	hũa	35	38	1	hũa	hũa	u	batch_review_unverified
bnf-f0162	c2-l018	1	grãos	26	31	2	rão	grãos	a	batch_review_unverified
bnf-f0162	c2-l018	2	latão	35	40	3	tão	latão	a	batch_review_unverified
bnf-f0162	c2-l021	1	Carão	22	27	3	rão	Carão	a	batch_review_unverified
bnf-f0162	c2-l025	1	não	14	17	1	não	não	a	batch_review_unverified
bnf-f0162	c2-l026	1	Iapão	37	42	3	pão	Iapão	a	batch_review_unverified
bnf-f0163	c1-l018	1	quebrão	8	15	5	rão	quebrão	a	batch_review_unverified
bnf-f0163	c1-l023	1	falcão	8	14	4	cão	falcão	a	batch_review_unverified
bnf-f0163	c1-l028	1	Caãs	33	37	2	aãs	Caãs	a	batch_review_unverified
bnf-f0163	c1-l043	1	laã	8	11	2	aã	laã	a	batch_review_unverified
bnf-f0163	c2-l002	1	Iapão	20	25	3	pão	Iapão	a	batch_review_unverified
bnf-f0163	c2-l016	1	eſtão	34	39	3	tão	eſtão	a	batch_review_unverified
bnf-f0163	c2-l017	1	não	9	12	1	não	não	a	batch_review_unverified
bnf-f0163	c2-l018	1	Calções	12	19	4	çõe	Calções	o	batch_review_unverified
bnf-f0163	c2-l029	1	Iapão	32	37	3	pão	Iapão	a	batch_review_unverified
bnf-f0164	c1-l001	1	Carão	8	13	3	rão	Carão	a	batch_review_unverified
bnf-f0164	c1-l003	1	Hũa	21	24	1	Hũa	Hũa	u	batch_review_unverified
bnf-f0164	c1-l006	1	vão	22	25	1	vão	vão	a	batch_review_unverified
bnf-f0164	c1-l008	1	Iapão	26	31	3	pão	Iapão	a	batch_review_unverified
bnf-f0164	c1-l010	1	hũa	34	37	1	hũa	hũa	u	batch_review_unverified
bnf-f0164	c1-l039	1	Hũa	8	11	1	Hũa	Hũa	u	batch_review_unverified
bnf-f0164	c1-l040	1	hũas	38	42	1	hũa	hũas	u	batch_review_unverified
bnf-f0164	c1-l041	1	rechação	20	28	6	ção	rechação	a	batch_review_unverified
bnf-f0164	c1-l041	2	hũa	33	36	1	hũa	hũa	u	batch_review_unverified
bnf-f0164	c1-l047	1	brincão	27	34	5	cão	brincão	a	batch_review_unverified
bnf-f0164	c2-l002	1	algũa	18	23	3	gũa	algũa	u	batch_review_unverified
bnf-f0164	c2-l019	1	não	21	24	1	não	não	a	batch_review_unverified
bnf-f0164	c2-l024	1	algũa	0	5	3	gũa	algũa	u	batch_review_unverified
bnf-f0164	c2-l028	1	Hũa	7	10	1	Hũa	Hũa	u	batch_review_unverified
bnf-f0164	c2-l032	1	Iapão	10	15	3	pão	Iapão	a	batch_review_unverified
bnf-f0164	c2-l044	1	ladrões	0	7	4	rõe	ladrões	o	batch_review_unverified
bnf-f0164	c2-l044	2	apanharão	18	27	7	rão	apanharão	a	batch_review_unverified
bnf-f0164	c2-l046	1	dão	37	40	1	dão	dão	a	batch_review_unverified
bnf-f0165	c1-l005	1	mão	27	30	1	mão	mão	a	batch_review_unverified
bnf-f0165	c1-l007	1	gũa	0	3	1	gũa	gũa	u	batch_review_unverified
bnf-f0165	c1-l007	2	não	14	17	1	não	não	a	batch_review_unverified
bnf-f0165	c1-l009	1	não	31	34	1	não	não	a	batch_review_unverified
bnf-f0165	c1-l010	1	algũa	9	14	3	gũa	algũa	u	batch_review_unverified
bnf-f0165	c1-l014	1	Não	4	7	1	Não	Não	a	batch_review_unverified
bnf-f0165	c1-l015	1	não	23	26	1	não	não	a	batch_review_unverified
bnf-f0165	c1-l016	1	não	37	40	1	não	não	a	batch_review_unverified
bnf-f0165	c1-l017	1	ſenão	7	12	3	não	ſenão	a	batch_review_unverified
bnf-f0165	c1-l020	1	golfão	22	28	4	fão	golfão	a	batch_review_unverified
bnf-f0165	c1-l024	1	chão	9	13	2	hão	chão	a	batch_review_unverified
bnf-f0165	c1-l028	1	chão	6	10	2	hão	chão	a	batch_review_unverified
bnf-f0165	c1-l029	1	Hũa	8	11	1	Hũa	Hũa	u	batch_review_unverified
bnf-f0165	c1-l031	1	bação	0	5	3	ção	bação	a	batch_review_unverified
bnf-f0165	c1-l033	1	Repartição	24	34	8	ção	Repartição	a	batch_review_unverified
bnf-f0165	c2-l005	1	hũa	25	28	1	hũa	hũa	u	batch_review_unverified
bnf-f0165	c2-l011	1	Hũa	17	20	1	Hũa	Hũa	u	batch_review_unverified
bnf-f0165	c2-l012	1	Iapão	26	31	3	pão	Iapão	a	batch_review_unverified
bnf-f0165	c2-l018	1	Prouiſão	7	15	6	ſão	Prouiſão	a	batch_review_unverified
bnf-f0165	c2-l019	1	algũa	4	9	3	gũa	algũa	u	batch_review_unverified
bnf-f0165	c2-l019	2	algũa	32	37	3	gũa	algũa	u	batch_review_unverified
bnf-f0165	c2-l021	1	uiſão	0	5	3	ſão	uiſão	a	batch_review_unverified
bnf-f0165	c2-l035	1	Iapão	0	5	3	pão	Iapão	a	batch_review_unverified
bnf-f0165	c2-l040	1	algũa	19	24	3	gũa	algũa	u	batch_review_unverified
bnf-f0165	c2-l041	1	algũa	29	34	3	gũa	algũa	u	batch_review_unverified
bnf-f0165	c2-l046	1	algũa	28	33	3	gũa	algũa	u	batch_review_unverified
bnf-f0166	c1-l001	1	algũa	26	31	3	gũa	algũa	u	batch_review_unverified
bnf-f0166	c1-l004	1	mãos	3	7	1	mão	mãos	a	batch_review_unverified
bnf-f0166	c1-l006	1	algũa	17	22	3	gũa	algũa	u	batch_review_unverified
bnf-f0166	c1-l020	1	algũa	6	11	3	gũa	algũa	u	batch_review_unverified
bnf-f0166	c1-l026	1	inuenção	18	26	6	ção	inuenção	a	batch_review_unverified
bnf-f0166	c1-l029	1	Gauião	9	15	4	ião	Gauião	a	batch_review_unverified
bnf-f0166	c1-l033	1	põe	41	44	1	põe	põe	o	batch_review_unverified
bnf-f0166	c1-l034	1	vão	37	40	1	vão	vão	a	batch_review_unverified
bnf-f0166	c1-l036	1	Repartição	23	33	8	ção	Repartição	a	batch_review_unverified
bnf-f0166	c1-l040	1	hũa	0	3	1	hũa	hũa	u	batch_review_unverified
bnf-f0166	c1-l045	1	vão	8	11	1	vão	vão	a	batch_review_unverified
bnf-f0166	c2-l003	1	hũa	36	39	1	hũa	hũa	u	batch_review_unverified
bnf-f0166	c2-l005	1	algũa	18	23	3	gũa	algũa	u	batch_review_unverified
bnf-f0166	c2-l013	1	hũa	14	17	1	hũa	hũa	u	batch_review_unverified
bnf-f0166	c2-l014	1	Deſtruição	28	38	8	ção	Deſtruição	a	batch_review_unverified
bnf-f0166	c2-l022	1	Hũa	20	23	1	Hũa	Hũa	u	batch_review_unverified
bnf-f0166	c2-l045	1	tomão	20	25	3	mão	tomão	a	batch_review_unverified
bnf-f0166	c2-l046	1	Iapão	23	28	3	pão	Iapão	a	batch_review_unverified
bnf-f0167	c1-l004	1	tirão	25	30	3	rão	tirão	a	batch_review_unverified
bnf-f0167	c1-l010	1	Hũa	8	11	1	Hũa	Hũa	u	batch_review_unverified
bnf-f0167	c1-l020	1	Hũa	14	17	1	Hũa	Hũa	u	batch_review_unverified
bnf-f0167	c1-l028	1	Hũa	11	14	1	Hũa	Hũa	u	batch_review_unverified
bnf-f0167	c1-l034	1	atirão	0	6	4	rão	atirão	a	batch_review_unverified
bnf-f0167	c1-l042	1	Deſtruição	24	34	8	ção	Deſtruição	a	batch_review_unverified
bnf-f0167	c2-l004	1	tinhão	35	41	4	hão	tinhão	a	batch_review_unverified
bnf-f0167	c2-l017	1	não	27	30	1	não	não	a	batch_review_unverified
bnf-f0167	c2-l018	1	não	0	3	1	não	não	a	batch_review_unverified
bnf-f0167	c2-l018	2	algũa	8	13	3	gũa	algũa	u	batch_review_unverified
bnf-f0167	c2-l018	3	compoſição	14	24	8	ção	compoſição	a	batch_review_unverified
bnf-f0167	c2-l023	1	impreſſão	18	27	7	ſão	impreſſão	a	batch_review_unverified
bnf-f0167	c2-l033	1	não	40	43	1	não	não	a	batch_review_unverified
bnf-f0167	c2-l045	1	chamão	16	22	4	mão	chamão	a	batch_review_unverified
bnf-f0168	c1-l011	1	Hũas	10	14	1	Hũa	Hũas	u	batch_review_unverified
bnf-f0168	c1-l012	1	eſpalhão	22	30	6	hão	eſpalhão	a	batch_review_unverified
bnf-f0168	c1-l013	1	Hũa	12	15	1	Hũa	Hũa	u	batch_review_unverified
bnf-f0168	c1-l015	1	lãa	0	3	1	lãa	lãa	a	batch_review_unverified
bnf-f0168	c1-l018	1	reſfolegão	24	34	8	gão	reſfolegão	a	batch_review_unverified
bnf-f0168	c1-l020	1	meão	35	39	2	eão	meão	a	batch_review_unverified
bnf-f0168	c1-l028	1	cães	4	8	1	cãe	cães	a	batch_review_unverified
bnf-f0168	c1-l031	1	cães	39	43	1	cãe	cães	a	batch_review_unverified
bnf-f0168	c1-l035	1	hũa	32	35	1	hũa	hũa	u	batch_review_unverified
bnf-f0168	c1-l044	1	não	18	21	1	não	não	a	batch_review_unverified
bnf-f0168	c1-l047	1	hũa	35	38	1	hũa	hũa	u	batch_review_unverified
bnf-f0168	c2-l008	1	calção	3	9	4	ção	calção	a	batch_review_unverified
bnf-f0168	c2-l015	1	Iapão	34	39	3	pão	Iapão	a	batch_review_unverified
bnf-f0168	c2-l027	1	recreação	23	32	7	ção	recreação	a	batch_review_unverified
bnf-f0168	c2-l030	1	occaſião	8	16	6	ião	occaſião	a	batch_review_unverified
bnf-f0168	c2-l034	1	apertão	25	32	5	tão	apertão	a	batch_review_unverified
bnf-f0168	c2-l035	1	mão	16	19	1	mão	mão	a	batch_review_unverified
bnf-f0168	c2-l040	1	Iapão	20	25	3	pão	Iapão	a	batch_review_unverified
bnf-f0169	c1-l012	1	Iapão	32	37	3	pão	Iapão	a	batch_review_unverified
bnf-f0169	c1-l025	1	Iapão	3	8	3	pão	Iapão	a	batch_review_unverified
bnf-f0169	c1-l035	1	cão	31	34	1	cão	cão	a	batch_review_unverified
bnf-f0169	c1-l045	1	não	29	32	1	não	não	a	batch_review_unverified
bnf-f0169	c2-l013	1	Hũa	11	14	1	Hũa	Hũa	u	batch_review_unverified
bnf-f0169	c2-l013	2	calções	26	33	4	çõe	calções	o	batch_review_unverified
bnf-f0169	c2-l018	1	hũa	21	24	1	hũa	hũa	u	batch_review_unverified
bnf-f0169	c2-l029	1	algũa	4	9	3	gũa	algũa	u	batch_review_unverified
bnf-f0169	c2-l031	1	hũa	20	23	1	hũa	hũa	u	batch_review_unverified
bnf-f0169	c2-l032	1	contão	30	36	4	tão	contão	a	batch_review_unverified
bnf-f0169	c2-l039	1	Iapão	28	33	3	pão	Iapão	a	batch_review_unverified
bnf-f0169	c2-l046	1	hũa	0	3	1	hũa	hũa	u	batch_review_unverified
bnf-f0169	c2-l047	1	quãdo	30	35	2	uãd	quãdo	a	batch_review_unverified
bnf-f0170	c1-l002	1	alguẽ	38	43	4	uẽ	alguẽ	e	batch_review_unverified
bnf-f0170	c1-l012	1	dalgũa	3	9	4	gũa	dalgũa	u	batch_review_unverified
bnf-f0170	c1-l022	1	carretão	5	13	6	tão	carretão	a	batch_review_unverified
bnf-f0170	c1-l024	1	tirão	27	32	3	rão	tirão	a	batch_review_unverified
bnf-f0170	c1-l030	1	homeẽs	33	39	4	eẽs	homeẽs	e	batch_review_unverified
bnf-f0170	c1-l031	1	tinhão	4	10	4	hão	tinhão	a	batch_review_unverified
bnf-f0170	c1-l031	2	hũa	32	35	1	hũa	hũa	u	batch_review_unverified
bnf-f0170	c1-l033	1	hũa	12	15	1	hũa	hũa	u	batch_review_unverified
bnf-f0170	c1-l033	2	arrancarão	28	38	8	rão	arrancarão	a	batch_review_unverified
bnf-f0170	c1-l039	1	algũa	0	5	3	gũa	algũa	u	batch_review_unverified
bnf-f0170	c1-l046	1	cuidauão	19	27	6	uão	cuidauão	a	batch_review_unverified
bnf-f0170	c1-l046	2	vião	38	42	2	ião	vião	a	batch_review_unverified
bnf-f0170	c2-l004	1	Lũa	22	25	1	Lũa	Lũa	u	batch_review_unverified
bnf-f0170	c2-l005	1	hũa	8	11	1	hũa	hũa	u	batch_review_unverified
bnf-f0170	c2-l005	2	lũa	16	19	1	lũa	lũa	u	batch_review_unverified
bnf-f0170	c2-l005	3	Iapões	31	37	3	põe	Iapões	o	batch_review_unverified
bnf-f0170	c2-l007	1	impreſſão	21	30	7	ſão	impreſſão	a	batch_review_unverified
bnf-f0170	c2-l013	1	Iapão	6	11	3	pão	Iapão	a	batch_review_unverified
bnf-f0170	c2-l016	1	mão	24	27	1	mão	mão	a	batch_review_unverified
bnf-f0170	c2-l017	1	pão	31	34	1	pão	pão	a	batch_review_unverified
bnf-f0170	c2-l024	1	algũa	28	33	3	gũa	algũa	u	batch_review_unverified
bnf-f0170	c2-l030	1	Não	29	32	1	Não	Não	a	batch_review_unverified
bnf-f0170	c2-l033	1	Multiplicação	25	38	11	ção	Multiplicação	a	batch_review_unverified
bnf-f0170	c2-l034	1	geração	31	38	5	ção	geração	a	batch_review_unverified
bnf-f0170	c2-l043	1	hũa	36	39	1	hũa	hũa	u	batch_review_unverified
bnf-f0171	c1-l003	1	não	0	3	1	não	não	a	batch_review_unverified
bnf-f0171	c1-l004	1	algũa	10	15	3	gũa	algũa	u	batch_review_unverified
bnf-f0171	c1-l012	1	grão	29	33	2	rão	grão	a	batch_review_unverified
bnf-f0171	c1-l018	1	occupações	7	17	7	çõe	occupações	o	batch_review_unverified
bnf-f0171	c1-l021	1	região	22	28	4	ião	região	a	batch_review_unverified
bnf-f0171	c1-l026	1	hũa	38	41	1	hũa	hũa	u	batch_review_unverified
bnf-f0171	c1-l028	1	Embarcação	20	30	8	ção	Embarcação	a	batch_review_unverified
bnf-f0171	c1-l030	1	ção	0	3	1	ção	ção	a	batch_review_unverified
bnf-f0171	c1-l036	1	Embarcação	20	30	8	ção	Embarcação	a	batch_review_unverified
bnf-f0171	c1-l040	1	durão	9	14	3	rão	durão	a	batch_review_unverified
bnf-f0171	c1-l042	1	algũa	24	29	3	gũa	algũa	u	batch_review_unverified
bnf-f0171	c2-l001	1	embarcação	11	21	8	ção	embarcação	a	batch_review_unverified
bnf-f0171	c2-l004	1	deitão	0	6	4	tão	deitão	a	batch_review_unverified
bnf-f0171	c2-l004	2	mãos	15	19	1	mão	mãos	a	batch_review_unverified
bnf-f0171	c2-l011	1	algũa	34	39	3	gũa	algũa	u	batch_review_unverified
bnf-f0171	c2-l017	1	carão	8	13	3	rão	carão	a	batch_review_unverified
bnf-f0171	c2-l018	1	ventão	23	29	4	tão	ventão	a	batch_review_unverified
bnf-f0171	c2-l019	1	não	27	30	1	não	não	a	batch_review_unverified
bnf-f0171	c2-l019	2	embarcão	34	42	6	cão	embarcão	a	batch_review_unverified
bnf-f0171	c2-l022	1	uruxão	18	24	4	xão	uruxão	a	batch_review_unverified
bnf-f0171	c2-l022	2	cajão	26	31	3	jão	cajão	a	batch_review_unverified
bnf-f0171	c2-l034	1	Deſtruição	17	27	8	ção	Deſtruição	a	batch_review_unverified
bnf-f0171	c2-l037	1	algũa	33	38	3	gũa	algũa	u	batch_review_unverified
bnf-f0172	c1-l003	1	Iapão	3	8	3	pão	Iapão	a	batch_review_unverified
bnf-f0172	c1-l006	1	hũa	32	35	1	hũa	hũa	u	batch_review_unverified
bnf-f0172	c1-l021	1	mãos	24	28	1	mão	mãos	a	batch_review_unverified
bnf-f0172	c1-l027	1	Irmão	24	29	3	mão	Irmão	a	batch_review_unverified
bnf-f0172	c1-l027	2	Irmãa	34	39	3	mãa	Irmãa	a	batch_review_unverified
bnf-f0172	c1-l037	1	amarrão	2	9	5	rão	amarrão	a	batch_review_unverified
bnf-f0172	c1-l037	2	não	33	36	1	não	não	a	batch_review_unverified
bnf-f0172	c1-l040	1	Irmãos	0	6	3	mão	Irmãos	a	batch_review_unverified
bnf-f0172	c2-l001	1	matarão	13	20	5	rão	matarão	a	batch_review_unverified
bnf-f0172	c2-l006	1	algũa	29	34	3	gũa	algũa	u	batch_review_unverified
bnf-f0172	c2-l009	1	commiſſão	8	17	7	ſão	commiſſão	a	batch_review_unverified
bnf-f0172	c2-l020	1	algũas	23	29	3	gũa	algũas	u	batch_review_unverified
bnf-f0172	c2-l021	1	grãos	26	31	2	rão	grãos	a	batch_review_unverified
bnf-f0172	c2-l029	1	Hũa	10	13	1	Hũa	Hũa	u	batch_review_unverified
bnf-f0172	c2-l029	2	grãos	25	30	2	rão	grãos	a	batch_review_unverified
bnf-f0172	c2-l037	1	Hũa	10	13	1	Hũa	Hũa	u	batch_review_unverified
bnf-f0173	c1-l003	1	coração	16	23	5	ção	coração	a	batch_review_unverified
bnf-f0173	c1-l006	1	mãos	18	22	1	mão	mãos	a	batch_review_unverified
bnf-f0173	c1-l035	1	algũas	0	6	3	gũa	algũas	u	batch_review_unverified
bnf-f0173	c1-l037	1	grão	0	4	2	rão	grão	a	batch_review_unverified
bnf-f0173	c1-l037	2	Agulhão	28	35	5	hão	Agulhão	a	batch_review_unverified
bnf-f0173	c1-l039	1	Hũa	13	16	1	Hũa	Hũa	u	batch_review_unverified
bnf-f0173	c1-l047	1	mãos	34	38	1	mão	mãos	a	batch_review_unverified
bnf-f0173	c2-l009	1	mão	13	16	1	mão	mão	a	batch_review_unverified
bnf-f0173	c2-l014	1	dalgũa	20	26	4	gũa	dalgũa	u	batch_review_unverified
bnf-f0173	c2-l023	1	Mãos	8	12	1	Mão	Mãos	a	batch_review_unverified
bnf-f0173	c2-l027	1	Iapão	33	38	3	pão	Iapão	a	batch_review_unverified
bnf-f0173	c2-l046	1	quebrão	21	28	5	rão	quebrão	a	batch_review_unverified
bnf-f0174	c1-l001	1	algũa	13	18	3	gũa	algũa	u	batch_review_unverified
bnf-f0174	c1-l005	1	Hũa	11	14	1	Hũa	Hũa	u	batch_review_unverified
bnf-f0174	c1-l008	1	pondão	0	6	4	dão	pondão	a	batch_review_unverified
bnf-f0174	c1-l008	2	eſtão	38	43	3	tão	eſtão	a	batch_review_unverified
bnf-f0174	c1-l009	1	fechão	33	39	4	hão	fechão	a	batch_review_unverified
bnf-f0174	c1-l028	1	cão	24	27	1	cão	cão	a	batch_review_unverified
bnf-f0174	c1-l034	1	algũa	34	39	3	gũa	algũa	u	batch_review_unverified
bnf-f0174	c1-l039	1	hũa	0	3	1	hũa	hũa	u	batch_review_unverified
bnf-f0174	c1-l046	1	perguntão	37	46	7	tão	perguntão	a	batch_review_unverified
bnf-f0174	c2-l006	1	leuão	24	29	3	uão	leuão	a	batch_review_unverified
bnf-f0174	c2-l008	1	dobrão	34	40	4	rão	dobrão	a	batch_review_unverified
bnf-f0174	c2-l009	1	apertão	0	7	5	tão	apertão	a	batch_review_unverified
bnf-f0174	c2-l009	2	Iapão	24	29	3	pão	Iapão	a	batch_review_unverified
bnf-f0174	c2-l017	1	algũa	35	40	3	gũa	algũa	u	batch_review_unverified
bnf-f0174	c2-l019	1	gũa	0	3	1	gũa	gũa	u	batch_review_unverified
bnf-f0174	c2-l023	1	não	31	34	1	não	não	a	batch_review_unverified
bnf-f0174	c2-l030	1	comprão	11	18	5	rão	comprão	a	batch_review_unverified
bnf-f0174	c2-l038	1	embarcação	31	41	8	ção	embarcação	a	batch_review_unverified
bnf-f0174	c2-l039	1	lũa	32	35	1	lũa	lũa	u	batch_review_unverified
bnf-f0174	c2-l040	1	Iapão	13	18	3	pão	Iapão	a	batch_review_unverified
bnf-f0174	c2-l047	1	algũa	7	12	3	gũa	algũa	u	batch_review_unverified
bnf-f0175	c1-l002	1	Golſão	6	12	4	ſão	Golſão	a	batch_review_unverified
bnf-f0175	c1-l004	1	golſãos	22	29	4	ſão	golſãos	a	batch_review_unverified
bnf-f0175	c1-l007	1	grãos	14	19	2	rão	grãos	a	batch_review_unverified
bnf-f0175	c1-l018	1	Não	18	21	1	Não	Não	a	batch_review_unverified
bnf-f0175	c1-l037	1	algũa	13	18	3	gũa	algũa	u	batch_review_unverified
bnf-f0175	c1-l041	1	crucificão	23	33	8	cão	crucificão	a	batch_review_unverified
bnf-f0175	c1-l042	1	Iapão	3	8	3	pão	Iapão	a	batch_review_unverified
bnf-f0175	c1-l046	1	mãos	16	20	1	mão	mãos	a	batch_review_unverified
bnf-f0175	c1-l047	1	Hũas	12	16	1	Hũa	Hũas	u	batch_review_unverified
bnf-f0175	c2-l010	1	lingão	0	6	4	gão	lingão	a	batch_review_unverified
bnf-f0175	c2-l011	1	algũa	34	39	3	gũa	algũa	u	batch_review_unverified
bnf-f0175	c2-l015	1	Trouão	12	18	4	uão	Trouão	a	batch_review_unverified
bnf-f0175	c2-l018	1	algũa	25	30	3	gũa	algũa	u	batch_review_unverified
bnf-f0175	c2-l019	1	então	39	44	3	tão	então	a	batch_review_unverified
bnf-f0175	c2-l022	1	algũa	27	32	3	gũa	algũa	u	batch_review_unverified
bnf-f0175	c2-l029	1	algũa	26	31	3	gũa	algũa	u	batch_review_unverified
bnf-f0175	c2-l034	1	tomão	17	22	3	mão	tomão	a	batch_review_unverified
bnf-f0175	c2-l041	1	Hũa	11	14	1	Hũa	Hũa	u	batch_review_unverified
bnf-f0175	c2-l044	1	verão	9	14	3	rão	verão	a	batch_review_unverified
bnf-f0176	c1-l003	1	não	11	14	1	não	não	a	batch_review_unverified
bnf-f0176	c1-l003	2	não	28	31	1	não	não	a	batch_review_unverified
bnf-f0176	c1-l010	1	verão	21	26	3	rão	verão	a	batch_review_unverified
bnf-f0176	c1-l012	1	verão	18	23	3	rão	verão	a	batch_review_unverified
bnf-f0176	c1-l013	1	lũa	32	35	1	lũa	lũa	u	batch_review_unverified
bnf-f0176	c1-l015	1	falcão	20	26	4	cão	falcão	a	batch_review_unverified
bnf-f0176	c1-l019	1	Iapão	3	8	3	pão	Iapão	a	batch_review_unverified
bnf-f0176	c1-l022	1	algũa	25	30	3	gũa	algũa	u	batch_review_unverified
bnf-f0176	c1-l027	1	ção	0	3	1	ção	ção	a	batch_review_unverified
bnf-f0176	c1-l027	2	algũa	7	12	3	gũa	algũa	u	batch_review_unverified
bnf-f0176	c1-l028	1	algũa	27	32	3	gũa	algũa	u	batch_review_unverified
bnf-f0176	c1-l046	1	hũas	36	40	1	hũa	hũas	u	batch_review_unverified
bnf-f0176	c2-l008	1	Iapão	17	22	3	pão	Iapão	a	batch_review_unverified
bnf-f0176	c2-l017	1	Hũa	9	12	1	Hũa	Hũa	u	batch_review_unverified
bnf-f0176	c2-l018	1	Iapão	7	12	3	pão	Iapão	a	batch_review_unverified
bnf-f0176	c2-l021	1	crucificação	17	29	10	ção	crucificação	a	batch_review_unverified
bnf-f0176	c2-l021	2	Iapão	41	46	3	pão	Iapão	a	batch_review_unverified
bnf-f0176	c2-l024	1	dalgũa	35	41	4	gũa	dalgũa	u	batch_review_unverified
bnf-f0176	c2-l026	1	ordenações	22	32	7	çõe	ordenações	o	batch_review_unverified
bnf-f0176	c2-l039	1	hũa	23	26	1	hũa	hũa	u	batch_review_unverified
bnf-f0176	c2-l042	1	vſão	29	33	2	ſão	vſão	a	batch_review_unverified
bnf-f0176	c2-l043	1	falcão	28	34	4	cão	falcão	a	batch_review_unverified
bnf-f0176	c2-l045	1	feição	25	31	4	ção	feição	a	batch_review_unverified
bnf-f0177	c1-l004	1	algũa	12	17	3	gũa	algũa	u	batch_review_unverified
bnf-f0177	c1-l010	1	algũa	37	42	3	gũa	algũa	u	batch_review_unverified
bnf-f0177	c1-l012	1	hũa	34	37	1	hũa	hũa	u	batch_review_unverified
bnf-f0177	c1-l037	1	Embarcação	22	32	8	ção	Embarcação	a	batch_review_unverified
bnf-f0177	c2-l006	1	hũa	14	17	1	hũa	hũa	u	batch_review_unverified
bnf-f0177	c2-l010	1	algũa	28	33	3	gũa	algũa	u	batch_review_unverified
bnf-f0177	c2-l012	1	Iapões	37	43	3	põe	Iapões	o	batch_review_unverified
bnf-f0177	c2-l014	1	algũa	24	29	3	gũa	algũa	u	batch_review_unverified
bnf-f0177	c2-l022	1	Hũa	10	13	1	Hũa	Hũa	u	batch_review_unverified
bnf-f0177	c2-l024	1	caixão	0	6	4	xão	caixão	a	batch_review_unverified
bnf-f0177	c2-l025	1	não	9	12	1	não	não	a	batch_review_unverified
bnf-f0177	c2-l026	1	dalgũa	27	33	4	gũa	dalgũa	u	batch_review_unverified
bnf-f0177	c2-l031	1	Embarcação	10	20	8	ção	Embarcação	a	batch_review_unverified
bnf-f0177	c2-l033	1	Sarampão	8	16	6	pão	Sarampão	a	batch_review_unverified
bnf-f0177	c2-l034	1	ſarampão	4	12	6	pão	ſarampão	a	batch_review_unverified
bnf-f0177	c2-l040	1	coração	27	34	5	ção	coração	a	batch_review_unverified
bnf-f0178	c1-l005	1	leuão	16	21	3	uão	leuão	a	batch_review_unverified
bnf-f0178	c1-l008	1	aſentão	4	11	5	tão	aſentão	a	batch_review_unverified
bnf-f0178	c1-l009	1	atrauesſão	30	40	8	ſão	atrauesſão	a	batch_review_unverified
bnf-f0178	c1-l010	1	mão	10	13	1	mão	mão	a	batch_review_unverified
bnf-f0178	c1-l011	1	hũa	18	21	1	hũa	hũa	u	batch_review_unverified
bnf-f0178	c1-l017	1	mão	34	37	1	mão	mão	a	batch_review_unverified
bnf-f0178	c1-l026	1	Algũa	14	19	3	gũa	Algũa	u	batch_review_unverified
bnf-f0178	c1-l026	2	guarnição	20	29	7	ção	guarnição	a	batch_review_unverified
bnf-f0178	c1-l031	1	não	9	12	1	não	não	a	batch_review_unverified
bnf-f0178	c1-l036	1	lauão	30	35	3	uão	lauão	a	batch_review_unverified
bnf-f0178	c1-l043	1	algũa	7	12	3	gũa	algũa	u	batch_review_unverified
bnf-f0178	c1-l045	1	eſtourão	26	34	6	rão	eſtourão	a	batch_review_unverified
bnf-f0178	c1-l046	1	rebentão	0	8	6	tão	rebentão	a	batch_review_unverified
bnf-f0178	c2-l005	1	inclinação	11	21	8	ção	inclinação	a	batch_review_unverified
bnf-f0178	c2-l006	1	algũa	6	11	3	gũa	algũa	u	batch_review_unverified
bnf-f0178	c2-l016	1	gũa	0	3	1	gũa	gũa	u	batch_review_unverified
bnf-f0178	c2-l018	1	Hũa	12	15	1	Hũa	Hũa	u	batch_review_unverified
bnf-f0178	c2-l044	1	hũa	23	26	1	hũa	hũa	u	batch_review_unverified
bnf-f0178	c2-l044	2	mão	27	30	1	mão	mão	a	batch_review_unverified
bnf-f0179	c1-l001	1	Hũa	10	13	1	Hũa	Hũa	u	batch_review_unverified
bnf-f0179	c1-l001	2	falcões	22	29	4	cõe	falcões	o	batch_review_unverified
bnf-f0179	c1-l006	1	não	35	38	1	não	não	a	batch_review_unverified
bnf-f0179	c1-l020	1	junções	0	7	4	çõe	junções	o	batch_review_unverified
bnf-f0179	c1-l020	2	conſtellações	12	25	10	çõe	conſtellações	o	batch_review_unverified
bnf-f0179	c1-l021	1	Iapões	31	37	3	põe	Iapões	o	batch_review_unverified
bnf-f0179	c1-l022	1	uão	0	3	1	uão	uão	a	batch_review_unverified
bnf-f0179	c1-l022	2	algũa	15	20	3	gũa	algũa	u	batch_review_unverified
bnf-f0179	c1-l026	1	prohibição	17	27	8	ção	prohibição	a	batch_review_unverified
bnf-f0179	c1-l037	1	prohibição	30	40	8	ção	prohibição	a	batch_review_unverified
bnf-f0179	c1-l040	1	Iapão	32	37	3	pão	Iapão	a	batch_review_unverified
bnf-f0179	c2-l005	1	falcão	24	30	4	cão	falcão	a	batch_review_unverified
bnf-f0179	c2-l010	1	Embarcação	10	20	8	ção	Embarcação	a	batch_review_unverified
bnf-f0179	c2-l011	1	Eſcriuão	10	18	6	uão	Eſcriuão	a	batch_review_unverified
bnf-f0179	c2-l016	1	algũa	27	32	3	gũa	algũa	u	batch_review_unverified
bnf-f0179	c2-l018	1	dalgũa	7	13	4	gũa	dalgũa	u	batch_review_unverified
bnf-f0179	c2-l018	2	cõuite	21	27	1	cõu	cõuite	o	batch_review_unverified
bnf-f0179	c2-l034	1	pelejão	0	7	5	jão	pelejão	a	batch_review_unverified
bnf-f0179	c2-l042	1	mãos	12	16	1	mão	mãos	a	batch_review_unverified
bnf-f0180	c1-l010	1	vão	11	14	1	vão	vão	a	batch_review_unverified
bnf-f0180	c1-l013	1	Deſtruição	21	31	8	ção	Deſtruição	a	batch_review_unverified
bnf-f0180	c1-l014	1	algũa	22	27	3	gũa	algũa	u	batch_review_unverified
bnf-f0180	c1-l026	1	Entrarão	26	34	6	rão	Entrarão	a	batch_review_unverified
bnf-f0180	c1-l036	1	não	31	34	1	não	não	a	batch_review_unverified
bnf-f0180	c1-l037	1	não	31	34	1	não	não	a	batch_review_unverified
bnf-f0180	c1-l043	1	aſſentão	16	24	6	tão	aſſentão	a	batch_review_unverified
bnf-f0180	c2-l007	1	cuſtumão	0	8	6	mão	cuſtumão	a	batch_review_unverified
bnf-f0180	c2-l023	1	não	39	42	1	não	não	a	batch_review_unverified
bnf-f0180	c2-l035	1	amarrão	34	41	5	rão	amarrão	a	batch_review_unverified
bnf-f0180	c2-l037	1	mão	34	37	1	mão	mão	a	batch_review_unverified
bnf-f0180	c2-l038	1	hũa	7	10	1	hũa	hũa	u	batch_review_unverified
bnf-f0180	c2-l040	1	dalgũa	35	41	4	gũa	dalgũa	u	batch_review_unverified
bnf-f0180	c2-l041	1	uoação	0	6	4	ção	uoação	a	batch_review_unverified
bnf-f0180	c2-l043	1	pouoação	3	11	6	ção	pouoação	a	batch_review_unverified
bnf-f0180	c2-l046	1	Não	16	19	1	Não	Não	a	batch_review_unverified
bnf-f0180	c2-l047	1	não	35	38	1	não	não	a	batch_review_unverified
bnf-f0181	c1a-l002	1	hũa	40	43	1	hũa	hũa	u	batch_review_unverified
bnf-f0181	c1a-l014	1	bordão	3	9	4	dão	bordão	a	batch_review_unverified
bnf-f0181	c1a-l014	2	eſtão	17	22	3	tão	eſtão	a	batch_review_unverified
bnf-f0181	c1a-l015	1	falcões	12	19	4	cõe	falcões	o	batch_review_unverified
bnf-f0181	c1a-l016	1	quã	38	41	2	uã	quã	a	batch_review_unverified
bnf-f0181	c1b-l013	1	Hũa	6	9	1	Hũa	Hũa	u	batch_review_unverified
bnf-f0181	c1b-l014	1	ſarampão	0	8	6	pão	ſarampão	a	batch_review_unverified
bnf-f0181	c1b-l026	1	leuão	21	26	3	uão	leuão	a	batch_review_unverified
bnf-f0181	c2-l001	1	Hũa	15	18	1	Hũa	Hũa	u	batch_review_unverified
bnf-f0181	c2-l004	1	Diuiſão	8	15	5	ſão	Diuiſão	a	batch_review_unverified
bnf-f0181	c2-l018	1	Hũas	7	11	1	Hũa	Hũas	u	batch_review_unverified
bnf-f0181	c2-l019	1	algũa	19	24	3	gũa	algũa	u	batch_review_unverified
bnf-f0181	c2-l022	1	telhão	37	43	4	hão	telhão	a	batch_review_unverified
bnf-f0181	c2-l028	1	eſtão	24	29	3	tão	eſtão	a	batch_review_unverified
bnf-f0181	c2-l029	1	capitão	0	7	5	tão	capitão	a	batch_review_unverified
bnf-f0181	c2-l029	2	não	8	11	1	não	não	a	batch_review_unverified
bnf-f0181	c2-l030	1	Hũa	5	8	1	Hũa	Hũa	u	batch_review_unverified
bnf-f0181	c2-l033	1	cercão	12	18	4	cão	cercão	a	batch_review_unverified
bnf-f0181	c2-l033	2	chão	36	40	2	hão	chão	a	batch_review_unverified
bnf-f0181	c2-l039	1	quietação	2	11	7	ção	quietação	a	batch_review_unverified
bnf-f0181	c2-l045	1	lhões	0	5	2	hõe	lhões	o	batch_review_unverified
bnf-f0181	c2-l046	1	mãos	25	29	1	mão	mãos	a	batch_review_unverified
bnf-f0182	c1-l005	1	hũa	7	10	1	hũa	hũa	u	batch_review_unverified
bnf-f0182	c1-l023	1	feição	19	25	4	ção	feição	a	batch_review_unverified
bnf-f0182	c1-l027	1	feição	7	13	4	ção	feição	a	batch_review_unverified
bnf-f0182	c1-l036	1	Hũa	38	41	1	Hũa	Hũa	u	batch_review_unverified
bnf-f0182	c1-l037	1	Iapão	25	30	3	pão	Iapão	a	batch_review_unverified
bnf-f0182	c1-l039	1	feição	16	22	4	ção	feição	a	batch_review_unverified
bnf-f0182	c1-l046	1	priſão	0	6	4	ſão	priſão	a	batch_review_unverified
bnf-f0182	c1-l046	2	não	22	25	1	não	não	a	batch_review_unverified
bnf-f0182	c1-l047	1	Hũa	24	27	1	Hũa	Hũa	u	batch_review_unverified
bnf-f0182	c1-l047	2	geração	28	35	5	ção	geração	a	batch_review_unverified
bnf-f0182	c2-l001	1	Iapão	18	23	3	pão	Iapão	a	batch_review_unverified
bnf-f0182	c2-l011	1	Iapões	8	14	3	põe	Iapões	o	batch_review_unverified
bnf-f0182	c2-l020	1	algũa	20	25	3	gũa	algũa	u	batch_review_unverified
bnf-f0182	c2-l022	1	ſaã	15	18	2	aã	ſaã	a	batch_review_unverified
bnf-f0182	c2-l023	1	hũa	32	35	1	hũa	hũa	u	batch_review_unverified
bnf-f0182	c2-l031	1	dalgũa	0	6	4	gũa	dalgũa	u	batch_review_unverified
bnf-f0182	c2-l033	1	Iapão	0	5	3	pão	Iapão	a	batch_review_unverified
bnf-f0182	c2-l035	1	hũa	41	44	1	hũa	hũa	u	batch_review_unverified
bnf-f0182	c2-l036	1	hũa	28	31	1	hũa	hũa	u	batch_review_unverified
bnf-f0182	c2-l039	1	ſarampão	3	11	6	pão	ſarampão	a	batch_review_unverified
bnf-f0182	c2-l039	2	chamão	27	33	4	mão	chamão	a	batch_review_unverified
bnf-f0182	c2-l045	1	não	10	13	1	não	não	a	batch_review_unverified
bnf-f0183	c1-l005	1	Alteração	8	17	7	ção	Alteração	a	batch_review_unverified
bnf-f0183	c1-l005	2	perturbação	22	33	9	ção	perturbação	a	batch_review_unverified
bnf-f0183	c1-l008	1	não	7	10	1	não	não	a	batch_review_unverified
bnf-f0183	c1-l011	1	algũa	9	14	3	gũa	algũa	u	batch_review_unverified
bnf-f0183	c1-l012	1	Iapão	0	5	3	pão	Iapão	a	batch_review_unverified
bnf-f0183	c1-l012	2	comparação	9	19	8	ção	comparação	a	batch_review_unverified
bnf-f0183	c1-l020	1	ração	0	5	3	ção	ração	a	batch_review_unverified
bnf-f0183	c1-l043	1	deſtruição	0	10	8	ção	deſtruição	a	batch_review_unverified
bnf-f0183	c2-l001	1	Hũa	17	20	1	Hũa	Hũa	u	batch_review_unverified
bnf-f0183	c2-l003	1	hũa	25	28	1	hũa	hũa	u	batch_review_unverified
bnf-f0183	c2-l004	1	não	7	10	1	não	não	a	batch_review_unverified
bnf-f0183	c2-l009	1	Retribuição	20	31	9	ção	Retribuição	a	batch_review_unverified
bnf-f0183	c2-l019	1	algũa	21	26	3	gũa	algũa	u	batch_review_unverified
bnf-f0183	c2-l020	1	auerſão	12	19	5	ſão	auerſão	a	batch_review_unverified
bnf-f0183	c2-l021	1	Chriſtãono	15	25	6	tão	Chriſtãono	a	batch_review_unverified
bnf-f0183	c2-l022	1	desdanhão	22	31	7	hão	desdanhão	a	batch_review_unverified
bnf-f0183	c2-l023	1	chriſtãos	10	19	6	tão	chriſtãos	a	batch_review_unverified
bnf-f0183	c2-l023	2	moſtrãolhe	23	33	5	rão	moſtrãolhe	a	batch_review_unverified
bnf-f0183	c2-l028	1	Não	36	39	1	Não	Não	a	batch_review_unverified
bnf-f0183	c2-l033	1	andão	20	25	3	dão	andão	a	batch_review_unverified
bnf-f0183	c2-l046	1	Não	0	3	1	Não	Não	a	batch_review_unverified
bnf-f0183	c2-l047	1	tornão	14	20	4	não	tornão	a	batch_review_unverified
bnf-f0184	c1-l004	1	cuidão	14	20	4	dão	cuidão	a	batch_review_unverified
bnf-f0184	c1-l008	1	mão	37	40	1	mão	mão	a	batch_review_unverified
bnf-f0184	c1-l019	1	dições	0	6	3	çõe	dições	o	batch_review_unverified
bnf-f0184	c1-l019	2	Iapão	23	28	3	pão	Iapão	a	batch_review_unverified
bnf-f0184	c1-l020	1	bão	0	3	1	bão	bão	a	batch_review_unverified
bnf-f0184	c1-l021	1	chegão	0	6	4	gão	chegão	a	batch_review_unverified
bnf-f0184	c1-l022	1	ção	0	3	1	ção	ção	a	batch_review_unverified
bnf-f0184	c1-l022	2	pronuncião	33	43	8	ião	pronuncião	a	batch_review_unverified
bnf-f0184	c1-l024	1	razão	3	8	3	zão	razão	a	batch_review_unverified
bnf-f0184	c1-l031	1	embarcação	2	12	8	ção	embarcação	a	batch_review_unverified
bnf-f0184	c1-l037	1	guarnição	6	15	7	ção	guarnição	a	batch_review_unverified
bnf-f0184	c1-l038	1	Carão	32	37	3	rão	Carão	a	batch_review_unverified
bnf-f0184	c1-l041	1	leuão	34	39	3	uão	leuão	a	batch_review_unverified
bnf-f0184	c2-l006	1	dalgũa	7	13	4	gũa	dalgũa	u	batch_review_unverified
bnf-f0184	c2-l018	1	Hũa	17	20	1	Hũa	Hũa	u	batch_review_unverified
bnf-f0184	c2-l018	2	mãos	32	36	1	mão	mãos	a	batch_review_unverified
bnf-f0184	c2-l019	1	inchão	0	6	4	hão	inchão	a	batch_review_unverified
bnf-f0184	c2-l029	1	não	9	12	1	não	não	a	batch_review_unverified
bnf-f0184	c2-l032	1	eſpalhão	3	11	6	hão	eſpalhão	a	batch_review_unverified
bnf-f0184	c2-l035	1	Guarnição	17	26	7	ção	Guarnição	a	batch_review_unverified
bnf-f0184	c2-l036	1	ção	0	3	1	ção	ção	a	batch_review_unverified
bnf-f0184	c2-l037	1	Iapão	3	8	3	pão	Iapão	a	batch_review_unverified
bnf-f0184	c2-l038	1	guarnição	19	28	7	ção	guarnição	a	batch_review_unverified
bnf-f0184	c2-l039	1	dernação	0	8	6	ção	dernação	a	batch_review_unverified
bnf-f0185	c1-l004	1	ão	31	33	0	ão	ão	a	batch_review_unverified
bnf-f0185	c1-l011	1	tações	0	6	3	çõe	tações	o	batch_review_unverified
bnf-f0185	c1-l022	1	diuiſão	9	16	5	ſão	diuiſão	a	batch_review_unverified
bnf-f0185	c1-l039	1	Prohibição	8	18	8	ção	Prohibição	a	batch_review_unverified
bnf-f0185	c1-l042	1	Não	29	32	1	Não	Não	a	batch_review_unverified
bnf-f0185	c1-l046	1	amaſſão	20	27	5	ſão	amaſſão	a	batch_review_unverified
bnf-f0185	c1-l046	2	affeiçoão	31	40	7	oão	affeiçoão	a	batch_review_unverified
bnf-f0185	c1-l047	1	algũa	27	32	3	gũa	algũa	u	batch_review_unverified
bnf-f0185	c2-l001	1	occaſião	0	8	6	ião	occaſião	a	batch_review_unverified
bnf-f0185	c2-l023	1	eſporão	17	24	5	rão	eſporão	a	batch_review_unverified
bnf-f0185	c2-l036	1	Iapão	31	36	3	pão	Iapão	a	batch_review_unverified
bnf-f0185	c2-l039	1	chambão	23	30	5	bão	chambão	a	batch_review_unverified
bnf-f0185	c2-l041	1	algũa	11	16	3	gũa	algũa	u	batch_review_unverified
bnf-f0186	c1a-l004	1	fogão	10	15	3	gão	fogão	a	batch_review_unverified
bnf-f0186	c1a-l004	2	aſſentão	26	34	6	tão	aſſentão	a	batch_review_unverified
bnf-f0186	c1a-l011	1	algũa	7	12	3	gũa	algũa	u	batch_review_unverified
bnf-f0186	c1a-l016	1	amarrão	17	24	5	rão	amarrão	a	batch_review_unverified
bnf-f0186	c1a-l016	2	peoẽs	29	34	3	oẽs	peoẽs	e	batch_review_unverified
bnf-f0186	c1a-l017	1	cão	0	3	1	cão	cão	a	batch_review_unverified
bnf-f0186	c1a-l017	2	gauião	8	14	4	ião	gauião	a	batch_review_unverified
bnf-f0186	c1a-l017	3	puxão	26	31	3	xão	puxão	a	batch_review_unverified
bnf-f0186	c1a-l020	1	algũa	12	17	3	gũa	algũa	u	batch_review_unverified
bnf-f0186	c1b-l005	1	razão	37	42	3	zão	razão	a	batch_review_unverified
bnf-f0186	c1b-l007	1	dalgũa	13	19	4	gũa	dalgũa	u	batch_review_unverified
bnf-f0186	c1b-l007	2	razão	34	39	3	zão	razão	a	batch_review_unverified
bnf-f0186	c1b-l011	1	Não	26	29	1	Não	Não	a	batch_review_unverified
bnf-f0186	c1b-l017	1	nuuẽs	4	9	3	uẽs	nuuẽs	e	batch_review_unverified
bnf-f0186	c2-l004	1	conjunção	22	31	7	ção	conjunção	a	batch_review_unverified
bnf-f0186	c2-l012	1	fogão	40	45	3	gão	fogão	a	batch_review_unverified
bnf-f0186	c2-l017	1	algũa	25	30	3	gũa	algũa	u	batch_review_unverified
bnf-f0186	c2-l024	1	caruão	14	20	4	uão	caruão	a	batch_review_unverified
bnf-f0186	c2-l028	1	tição	0	5	3	ção	tição	a	batch_review_unverified
bnf-f0186	c2-l028	2	algũa	20	25	3	gũa	algũa	u	batch_review_unverified
bnf-f0186	c2-l031	1	eſtão	34	39	3	tão	eſtão	a	batch_review_unverified
bnf-f0186	c2-l033	1	não	36	39	1	não	não	a	batch_review_unverified
bnf-f0186	c2-l036	1	Aleuãtar	15	23	4	uãt	Aleuãtar	a	batch_review_unverified
bnf-f0186	c2-l040	1	não	37	40	1	não	não	a	batch_review_unverified
bnf-f0187	c1-l006	1	Iapão	17	22	3	pão	Iapão	a	batch_review_unverified
bnf-f0187	c1-l028	1	queimão	11	18	5	mão	queimão	a	batch_review_unverified
bnf-f0187	c1-l029	1	uſão	10	14	2	ſão	uſão	a	batch_review_unverified
bnf-f0187	c1-l031	1	chamão	6	12	4	mão	chamão	a	batch_review_unverified
bnf-f0187	c1-l036	1	rão	0	3	1	rão	rão	a	batch_review_unverified
bnf-f0187	c1-l038	1	contão	35	41	4	tão	contão	a	batch_review_unverified
bnf-f0187	c1-l042	1	hũa	23	26	1	hũa	hũa	u	batch_review_unverified
bnf-f0187	c2-l002	1	corações	19	27	5	çõe	corações	o	batch_review_unverified
bnf-f0187	c2-l014	1	feições	16	23	4	çõe	feições	o	batch_review_unverified
bnf-f0187	c2-l028	1	compaixão	0	9	7	xão	compaixão	a	batch_review_unverified
bnf-f0187	c2-l031	1	Proporção	6	15	7	ção	Proporção	a	batch_review_unverified
bnf-f0187	c2-l042	1	hũa	32	35	1	hũa	hũa	u	batch_review_unverified
bnf-f0188	c1-l001	1	Não	20	23	1	Não	Não	a	batch_review_unverified
bnf-f0188	c1-l001	2	não	35	38	1	não	não	a	batch_review_unverified
bnf-f0188	c1-l006	1	não	39	42	1	não	não	a	batch_review_unverified
bnf-f0188	c1-l016	1	tomão	8	13	3	mão	tomão	a	batch_review_unverified
bnf-f0188	c1-l016	2	atição	27	33	4	ção	atição	a	batch_review_unverified
bnf-f0188	c1-l020	1	mãos	12	16	1	mão	mãos	a	batch_review_unverified
bnf-f0188	c1-l023	1	trouão	2	8	4	uão	trouão	a	batch_review_unverified
bnf-f0188	c1-l044	1	uẽs	0	3	1	uẽs	uẽs	e	batch_review_unverified
bnf-f0188	c1-l045	1	inclinauão	0	10	8	uão	inclinauão	a	batch_review_unverified
bnf-f0188	c1-l047	1	algũa	8	13	3	gũa	algũa	u	batch_review_unverified
bnf-f0188	c2-l003	1	algũa	29	34	3	gũa	algũa	u	batch_review_unverified
bnf-f0188	c2-l007	1	Cordões	6	13	4	dõe	Cordões	o	batch_review_unverified
bnf-f0188	c2-l009	1	algũa	38	43	3	gũa	algũa	u	batch_review_unverified
bnf-f0188	c2-l015	1	mão	28	31	1	mão	mão	a	batch_review_unverified
bnf-f0188	c2-l017	1	algũa	27	32	3	gũa	algũa	u	batch_review_unverified
bnf-f0188	c2-l021	1	razão	11	16	3	zão	razão	a	batch_review_unverified
bnf-f0188	c2-l024	1	algũa	3	8	3	gũa	algũa	u	batch_review_unverified
bnf-f0188	c2-l031	1	Hũas	18	22	1	Hũa	Hũas	u	batch_review_unverified
bnf-f0188	c2-l035	1	mão	36	39	1	mão	mão	a	batch_review_unverified
bnf-f0188	c2-l038	1	não	37	40	1	não	não	a	batch_review_unverified
bnf-f0188	c2-l044	1	algũa	3	8	3	gũa	algũa	u	batch_review_unverified
bnf-f0189	c1-l006	1	hũas	17	21	1	hũa	hũas	u	batch_review_unverified
bnf-f0189	c1-l007	1	reluzião	0	8	6	ião	reluzião	a	batch_review_unverified
bnf-f0189	c1-l008	1	Exhalação	12	21	7	ção	Exhalação	a	batch_review_unverified
bnf-f0189	c1-l015	1	mão	32	35	1	mão	mão	a	batch_review_unverified
bnf-f0189	c1-l017	1	mão	28	31	1	mão	mão	a	batch_review_unverified
bnf-f0189	c1-l018	1	não	0	3	1	não	não	a	batch_review_unverified
bnf-f0189	c1-l028	1	Iapão	0	5	3	pão	Iapão	a	batch_review_unverified
bnf-f0189	c1-l032	1	hũa	36	39	1	hũa	hũa	u	batch_review_unverified
bnf-f0189	c1-l035	1	paſſão	34	40	4	ſão	paſſão	a	batch_review_unverified
bnf-f0189	c1-l036	1	puxão	7	12	3	xão	puxão	a	batch_review_unverified
bnf-f0189	c1-l041	1	mão	36	39	1	mão	mão	a	batch_review_unverified
bnf-f0189	c1-l046	1	mão	42	45	1	mão	mão	a	batch_review_unverified
bnf-f0189	c1-l047	1	aſerrão	0	7	5	rão	aſerrão	a	batch_review_unverified
bnf-f0189	c2-l003	1	gũa	0	3	1	gũa	gũa	u	batch_review_unverified
bnf-f0189	c2-l008	1	coração	3	10	5	ção	coração	a	batch_review_unverified
bnf-f0189	c2-l018	1	eſcriuão	6	14	6	uão	eſcriuão	a	batch_review_unverified
bnf-f0189	c2-l024	1	dalgũa	32	38	4	gũa	dalgũa	u	batch_review_unverified
bnf-f0189	c2-l025	1	cordões	29	36	4	dõe	cordões	o	batch_review_unverified
bnf-f0189	c2-l035	1	feição	21	27	4	ção	feição	a	batch_review_unverified
bnf-f0189	c2-l042	1	Iapão	19	24	3	pão	Iapão	a	batch_review_unverified
bnf-f0189	c2-l047	1	hũa	21	24	1	hũa	hũa	u	batch_review_unverified
bnf-f0190	c1-l004	1	deſconjuntarãoſe	22	38	12	rão	deſconjuntarãoſe	a	batch_review_unverified
bnf-f0190	c1-l007	1	conclusão	26	35	7	são	conclusão	a	batch_review_unverified
bnf-f0190	c1-l015	1	algũa	4	9	3	gũa	algũa	u	batch_review_unverified
bnf-f0190	c1-l020	1	cão	0	3	1	cão	cão	a	batch_review_unverified
bnf-f0190	c1-l026	1	não	30	33	1	não	não	a	batch_review_unverified
bnf-f0190	c1-l028	1	Exhalação	8	17	7	ção	Exhalação	a	batch_review_unverified
bnf-f0190	c1-l033	1	Mão	8	11	1	Mão	Mão	a	batch_review_unverified
bnf-f0190	c1-l035	1	mão	9	12	1	mão	mão	a	batch_review_unverified
bnf-f0190	c1-l043	1	cuſtumão	4	12	6	mão	cuſtumão	a	batch_review_unverified
bnf-f0190	c1-l043	2	Iapões	16	22	3	põe	Iapões	o	batch_review_unverified
bnf-f0190	c2-l004	1	cayão	10	15	3	yão	cayão	a	batch_review_unverified
bnf-f0190	c2-l005	1	Hũa	19	22	1	Hũa	Hũa	u	batch_review_unverified
bnf-f0190	c2-l006	1	Iapão	33	38	3	pão	Iapão	a	batch_review_unverified
bnf-f0190	c2-l013	1	rezão	25	30	3	zão	rezão	a	batch_review_unverified
bnf-f0190	c2-l015	1	rezão	31	36	3	zão	rezão	a	batch_review_unverified
bnf-f0190	c2-l016	1	Fogão	8	13	3	gão	Fogão	a	batch_review_unverified
bnf-f0190	c2-l017	1	rezão	29	34	3	zão	rezão	a	batch_review_unverified
bnf-f0190	c2-l020	1	Fidorĩuo	12	20	5	rĩu	Fidorĩuo	i	batch_review_unverified
bnf-f0190	c2-l022	1	tumão	0	5	3	mão	tumão	a	batch_review_unverified
bnf-f0190	c2-l022	2	algũa	28	33	3	gũa	algũa	u	batch_review_unverified
bnf-f0190	c2-l028	1	Hũa	7	10	1	Hũa	Hũa	u	batch_review_unverified
bnf-f0190	c2-l029	1	Hũa	10	13	1	Hũa	Hũa	u	batch_review_unverified
bnf-f0190	c2-l036	1	razão	33	38	3	zão	razão	a	batch_review_unverified
bnf-f0190	c2-l037	1	Carão	20	25	3	rão	Carão	a	batch_review_unverified
bnf-f0190	c2-l039	1	carão	7	12	3	rão	carão	a	batch_review_unverified
bnf-f0190	c2-l041	1	aſoprão	4	11	5	rão	aſoprão	a	batch_review_unverified
bnf-f0191	c1-l001	1	coração	13	20	5	ção	coração	a	batch_review_unverified
bnf-f0191	c1-l002	1	Perturbação	19	30	9	ção	Perturbação	a	batch_review_unverified
bnf-f0191	c1-l004	1	perturbação	9	20	9	ção	perturbação	a	batch_review_unverified
bnf-f0191	c1-l025	1	Guarnição	17	26	7	ção	Guarnição	a	batch_review_unverified
bnf-f0191	c1-l027	1	Iapão	3	8	3	pão	Iapão	a	batch_review_unverified
bnf-f0191	c1-l028	1	guarnição	9	18	7	ção	guarnição	a	batch_review_unverified
bnf-f0191	c1-l028	2	encadernação	23	35	10	ção	encadernação	a	batch_review_unverified
bnf-f0191	c1-l035	1	pitão	0	5	3	tão	pitão	a	batch_review_unverified
bnf-f0191	c1-l040	1	Hũas	10	14	1	Hũa	Hũas	u	batch_review_unverified
bnf-f0191	c1-l041	1	algũa	20	25	3	gũa	algũa	u	batch_review_unverified
bnf-f0191	c2-l002	1	algũa	16	21	3	gũa	algũa	u	batch_review_unverified
bnf-f0191	c2-l013	1	algũa	22	27	3	gũa	algũa	u	batch_review_unverified
bnf-f0191	c2-l016	1	embarcação	8	18	8	ção	embarcação	a	batch_review_unverified
bnf-f0191	c2-l022	1	algũa	0	5	3	gũa	algũa	u	batch_review_unverified
bnf-f0191	c2-l031	1	mão	25	28	1	mão	mão	a	batch_review_unverified
bnf-f0191	c2-l032	1	algũa	18	23	3	gũa	algũa	u	batch_review_unverified
bnf-f0191	c2-l032	2	comparação	24	34	8	ção	comparação	a	batch_review_unverified
bnf-f0191	c2-l040	1	traição	6	13	5	ção	traição	a	batch_review_unverified
bnf-f0191	c2-l042	1	ſaluarão	22	30	6	rão	ſaluarão	a	batch_review_unverified
bnf-f0191	c2-l045	1	traição	16	23	5	ção	traição	a	batch_review_unverified
bnf-f0191	c2-l047	1	algũa	29	34	3	gũa	algũa	u	batch_review_unverified
bnf-f0192	c1-l004	1	Iapão	24	29	3	pão	Iapão	a	batch_review_unverified
bnf-f0192	c1-l005	1	mão	36	39	1	mão	mão	a	batch_review_unverified
bnf-f0192	c1-l007	1	eſtão	33	38	3	tão	eſtão	a	batch_review_unverified
bnf-f0192	c1-l008	1	algũa	16	21	3	gũa	algũa	u	batch_review_unverified
bnf-f0192	c1-l028	1	hũa	7	10	1	hũa	hũa	u	batch_review_unverified
bnf-f0192	c1-l030	1	algũa	39	44	3	gũa	algũa	u	batch_review_unverified
bnf-f0192	c1-l038	1	Interceição	11	22	9	ção	Interceição	a	batch_review_unverified
bnf-f0192	c1-l045	1	razões	27	33	3	zõe	razões	o	batch_review_unverified
bnf-f0192	c2-l005	1	algũa	29	34	3	gũa	algũa	u	batch_review_unverified
bnf-f0192	c2-l007	1	algũa	34	39	3	gũa	algũa	u	batch_review_unverified
bnf-f0192	c2-l010	1	algũa	12	17	3	gũa	algũa	u	batch_review_unverified
bnf-f0192	c2-l019	1	dalgũa	31	37	4	gũa	dalgũa	u	batch_review_unverified
bnf-f0192	c2-l026	1	não	21	24	1	não	não	a	batch_review_unverified
bnf-f0192	c2-l029	1	algũa	33	38	3	gũa	algũa	u	batch_review_unverified
bnf-f0192	c2-l038	1	algũa	4	9	3	gũa	algũa	u	batch_review_unverified
bnf-f0192	c2-l043	1	cuſtumão	14	22	6	mão	cuſtumão	a	batch_review_unverified
bnf-f0192	c2-l043	2	Iapões	26	32	3	põe	Iapões	o	batch_review_unverified
bnf-f0193	c1-l002	1	gũa	0	3	1	gũa	gũa	u	batch_review_unverified
bnf-f0193	c1-l016	1	algũa	29	34	3	gũa	algũa	u	batch_review_unverified
bnf-f0193	c1-l023	1	conjunção	18	27	7	ção	conjunção	a	batch_review_unverified
bnf-f0193	c1-l034	1	hũa	18	21	1	hũa	hũa	u	batch_review_unverified
bnf-f0193	c1-l035	1	gũa	0	3	1	gũa	gũa	u	batch_review_unverified
bnf-f0193	c1-l038	1	mãos	11	15	1	mão	mãos	a	batch_review_unverified
bnf-f0193	c1-l045	1	algũa	29	34	3	gũa	algũa	u	batch_review_unverified
bnf-f0193	c1-l047	1	algũa	31	36	3	gũa	algũa	u	batch_review_unverified
bnf-f0193	c2-l004	1	algũa	29	34	3	gũa	algũa	u	batch_review_unverified
bnf-f0193	c2-l005	1	chão	3	7	2	hão	chão	a	batch_review_unverified
bnf-f0193	c2-l009	1	Hũa	11	14	1	Hũa	Hũa	u	batch_review_unverified
bnf-f0193	c2-l010	1	uſão	0	4	2	ſão	uſão	a	batch_review_unverified
bnf-f0193	c2-l020	1	traição	4	11	5	ção	traição	a	batch_review_unverified
bnf-f0193	c2-l021	1	alguẽ	20	25	4	uẽ	alguẽ	e	batch_review_unverified
bnf-f0193	c2-l031	1	ſaluação	33	41	6	ção	ſaluação	a	batch_review_unverified
bnf-f0193	c2-l043	1	não	34	37	1	não	não	a	batch_review_unverified
bnf-f0193	c2-l045	1	Hũa	8	11	1	Hũa	Hũa	u	batch_review_unverified
bnf-f0193	c2-l047	1	lanção	0	6	4	ção	lanção	a	batch_review_unverified
bnf-f0194	c1-l013	1	algũa	36	41	3	gũa	algũa	u	batch_review_unverified
bnf-f0194	c1-l017	1	fizerão	27	34	5	rão	fizerão	a	batch_review_unverified
bnf-f0194	c1-l020	1	algũa	32	37	3	gũa	algũa	u	batch_review_unverified
bnf-f0194	c1-l022	1	hũa	26	29	1	hũa	hũa	u	batch_review_unverified
bnf-f0194	c1-l028	1	coração	8	15	5	ção	coração	a	batch_review_unverified
bnf-f0194	c1-l032	1	hũa	16	19	1	hũa	hũa	u	batch_review_unverified
bnf-f0194	c1-l040	1	mãos	19	23	1	mão	mãos	a	batch_review_unverified
bnf-f0194	c2-l001	1	alguẽ	33	38	4	uẽ	alguẽ	e	batch_review_unverified
bnf-f0194	c2-l006	1	rezão	28	33	3	zão	rezão	a	batch_review_unverified
bnf-f0194	c2-l025	1	algũa	5	10	3	gũa	algũa	u	batch_review_unverified
bnf-f0194	c2-l026	1	algũa	0	5	3	gũa	algũa	u	batch_review_unverified
bnf-f0194	c2-l040	1	feição	30	36	4	ção	feição	a	batch_review_unverified
bnf-f0194	c2-l045	1	não	32	35	1	não	não	a	batch_review_unverified
bnf-f0194	c2-l046	1	hũa	23	26	1	hũa	hũa	u	batch_review_unverified
bnf-f0195	c1-l004	1	alguẽ	32	37	4	uẽ	alguẽ	e	batch_review_unverified
bnf-f0195	c1-l015	1	acompanhauão	19	31	10	uão	acompanhauão	a	batch_review_unverified
bnf-f0195	c1-l021	1	algũa	3	8	3	gũa	algũa	u	batch_review_unverified
bnf-f0195	c1-l023	1	gũa	0	3	1	gũa	gũa	u	batch_review_unverified
bnf-f0195	c1-l026	1	embarcação	9	19	8	ção	embarcação	a	batch_review_unverified
bnf-f0195	c1-l030	1	alguẽ	30	35	4	uẽ	alguẽ	e	batch_review_unverified
bnf-f0195	c1-l038	1	mão	26	29	1	mão	mão	a	batch_review_unverified
bnf-f0195	c1-l041	1	gũa	0	3	1	gũa	gũa	u	batch_review_unverified
bnf-f0195	c2-l001	1	dão	8	11	1	dão	dão	a	batch_review_unverified
bnf-f0195	c2-l001	2	botões	12	18	3	tõe	botões	o	batch_review_unverified
bnf-f0195	c2-l001	3	aproueitão	36	46	8	tão	aproueitão	a	batch_review_unverified
bnf-f0195	c2-l002	1	algũa	5	10	3	gũa	algũa	u	batch_review_unverified
bnf-f0195	c2-l002	2	Fiqiũ	30	35	4	iũ	Fiqiũ	u	batch_review_unverified
bnf-f0195	c2-l003	1	botões	13	19	3	tõe	botões	o	batch_review_unverified
bnf-f0195	c2-l013	1	algũa	28	33	3	gũa	algũa	u	batch_review_unverified
bnf-f0195	c2-l015	1	alguẽ	27	32	4	uẽ	alguẽ	e	batch_review_unverified
bnf-f0195	c2-l016	1	mão	0	3	1	mão	mão	a	batch_review_unverified
bnf-f0195	c2-l017	1	algũa	20	25	3	gũa	algũa	u	batch_review_unverified
bnf-f0195	c2-l023	1	hũa	0	3	1	hũa	hũa	u	batch_review_unverified
bnf-f0195	c2-l039	1	Anẽo	9	13	2	nẽo	Anẽo	e	batch_review_unverified
bnf-f0196	c1-l009	1	mão	30	33	1	mão	mão	a	batch_review_unverified
bnf-f0196	c1-l014	1	algũa	8	13	3	gũa	algũa	u	batch_review_unverified
bnf-f0196	c1-l022	1	feição	16	22	4	ção	feição	a	batch_review_unverified
bnf-f0196	c1-l030	1	Embarcação	19	29	8	ção	Embarcação	a	batch_review_unverified
bnf-f0196	c1-l032	1	Caldeirão	10	19	7	rão	Caldeirão	a	batch_review_unverified
bnf-f0196	c1-l033	1	hũa	16	19	1	hũa	hũa	u	batch_review_unverified
bnf-f0196	c1-l034	1	Iapão	34	39	3	pão	Iapão	a	batch_review_unverified
bnf-f0196	c1-l036	1	eſtão	18	23	3	tão	eſtão	a	batch_review_unverified
bnf-f0196	c2-l004	1	meneão	0	6	4	eão	meneão	a	batch_review_unverified
bnf-f0196	c2-l031	1	gudão	7	12	3	dão	gudão	a	batch_review_unverified
bnf-f0196	c2-l033	1	algũa	26	31	3	gũa	algũa	u	batch_review_unverified
bnf-f0196	c2-l035	1	dalgũa	19	25	4	gũa	dalgũa	u	batch_review_unverified
bnf-f0196	c2-l042	1	pregação	21	29	6	ção	pregação	a	batch_review_unverified
bnf-f0197	c1-l011	1	Embarcação	19	29	8	ção	Embarcação	a	batch_review_unverified
bnf-f0197	c1-l015	1	algũa	18	23	3	gũa	algũa	u	batch_review_unverified
bnf-f0197	c1-l020	1	embarcação	22	32	8	ção	embarcação	a	batch_review_unverified
bnf-f0197	c1-l030	1	não	7	10	1	não	não	a	batch_review_unverified
bnf-f0197	c1-l032	1	não	33	36	1	não	não	a	batch_review_unverified
bnf-f0197	c2-l013	1	pronunciação	31	43	10	ção	pronunciação	a	batch_review_unverified
bnf-f0197	c2-l014	1	dalgũas	0	7	4	gũa	dalgũas	u	batch_review_unverified
bnf-f0197	c2-l018	1	Condição	15	23	6	ção	Condição	a	batch_review_unverified
bnf-f0197	c2-l021	1	algũa	23	28	3	gũa	algũa	u	batch_review_unverified
bnf-f0197	c2-l021	2	chão	38	42	2	hão	chão	a	batch_review_unverified
bnf-f0197	c2-l024	1	chão	0	4	2	hão	chão	a	batch_review_unverified
bnf-f0197	c2-l024	2	algũa	27	32	3	gũa	algũa	u	batch_review_unverified
bnf-f0197	c2-l028	1	chão	5	9	2	hão	chão	a	batch_review_unverified
bnf-f0197	c2-l029	1	algũa	34	39	3	gũa	algũa	u	batch_review_unverified
bnf-f0197	c2-l036	1	não	45	48	1	não	não	a	batch_review_unverified
bnf-f0197	c2-l039	1	chão	40	44	2	hão	chão	a	batch_review_unverified
bnf-f0197	c2-l045	1	Dilatação	8	17	7	ção	Dilatação	a	batch_review_unverified
bnf-f0198	c1-l020	1	Comparação	7	17	8	ção	Comparação	a	batch_review_unverified
bnf-f0198	c1-l020	2	não	19	22	1	não	não	a	batch_review_unverified
bnf-f0198	c1-l020	3	não	41	44	1	não	não	a	batch_review_unverified
bnf-f0198	c1-l022	1	não	8	11	1	não	não	a	batch_review_unverified
bnf-f0198	c1-l036	1	Ladrão	14	20	4	rão	Ladrão	a	batch_review_unverified
bnf-f0198	c1-l040	1	poſição	0	7	5	ção	poſição	a	batch_review_unverified
bnf-f0198	c1-l042	1	lũa	17	20	1	lũa	lũa	u	batch_review_unverified
bnf-f0198	c1-l043	1	Hũa	10	13	1	Hũa	Hũa	u	batch_review_unverified
bnf-f0198	c1-l047	1	Hũa	9	12	1	Hũa	Hũa	u	batch_review_unverified
bnf-f0198	c2-l007	1	algũa	23	28	3	gũa	algũa	u	batch_review_unverified
bnf-f0198	c2-l017	1	ção	0	3	1	ção	ção	a	batch_review_unverified
bnf-f0198	c2-l017	2	quietação	8	17	7	ção	quietação	a	batch_review_unverified
bnf-f0198	c2-l018	1	não	36	39	1	não	não	a	batch_review_unverified
bnf-f0198	c2-l019	1	algũa	3	8	3	gũa	algũa	u	batch_review_unverified
bnf-f0198	c2-l032	1	algũa	26	31	3	gũa	algũa	u	batch_review_unverified
bnf-f0198	c2-l033	1	mão	10	13	1	mão	mão	a	batch_review_unverified
bnf-f0198	c2-l034	1	algũa	16	21	3	gũa	algũa	u	batch_review_unverified
bnf-f0198	c2-l034	2	mão	31	34	1	mão	mão	a	batch_review_unverified
bnf-f0198	c2-l040	1	não	9	12	1	não	não	a	batch_review_unverified
bnf-f0198	c2-l047	1	não	4	7	1	não	não	a	batch_review_unverified
bnf-f0198	c2-l047	2	não	18	21	1	não	não	a	batch_review_unverified
bnf-f0199	c1-l002	1	proſperão	2	11	7	rão	proſperão	a	batch_review_unverified
bnf-f0199	c1-l002	2	deſcaẽ	36	42	5	aẽ	deſcaẽ	e	batch_review_unverified
bnf-f0199	c1-l014	1	algũa	29	34	3	gũa	algũa	u	batch_review_unverified
bnf-f0199	c1-l019	1	amarrão	26	33	5	rão	amarrão	a	batch_review_unverified
bnf-f0199	c1-l026	1	Chriſtão	24	32	6	tão	Chriſtão	a	batch_review_unverified
bnf-f0199	c1-l028	1	não	20	23	1	não	não	a	batch_review_unverified
bnf-f0199	c1-l028	2	não	33	36	1	não	não	a	batch_review_unverified
bnf-f0199	c1-l035	1	algũa	38	43	3	gũa	algũa	u	batch_review_unverified
bnf-f0199	c1-l039	1	importunação	21	33	10	ção	importunação	a	batch_review_unverified
bnf-f0199	c1-l040	1	vſão	27	31	2	ſão	vſão	a	batch_review_unverified
bnf-f0199	c1-l045	1	interpolação	23	35	10	ção	interpolação	a	batch_review_unverified
bnf-f0199	c2-l005	1	uão	0	3	1	uão	uão	a	batch_review_unverified
bnf-f0199	c2-l006	1	nuuẽs	27	32	3	uẽs	nuuẽs	e	batch_review_unverified
bnf-f0199	c2-l009	1	Sião	25	29	2	ião	Sião	a	batch_review_unverified
bnf-f0199	c2-l011	1	Caixão	7	13	4	xão	Caixão	a	batch_review_unverified
bnf-f0199	c2-l016	1	hũa	17	20	1	hũa	hũa	u	batch_review_unverified
bnf-f0199	c2-l016	2	Iapão	34	39	3	pão	Iapão	a	batch_review_unverified
bnf-f0199	c2-l018	1	hũa	30	33	1	hũa	hũa	u	batch_review_unverified
bnf-f0199	c2-l026	1	Feição	25	31	4	ção	Feição	a	batch_review_unverified
bnf-f0199	c2-l027	1	Iapão	21	26	3	pão	Iapão	a	batch_review_unverified
bnf-f0199	c2-l031	1	Não	8	11	1	Não	Não	a	batch_review_unverified
bnf-f0199	c2-l035	1	acabão	10	16	4	bão	acabão	a	batch_review_unverified
bnf-f0199	c2-l039	1	Conuerſação	19	30	9	ção	Conuerſação	a	batch_review_unverified
bnf-f0199	c2-l042	1	conuerſação	12	23	9	ção	conuerſação	a	batch_review_unverified
bnf-f0199	c2-l047	1	não	9	12	1	não	não	a	batch_review_unverified
bnf-f0199	c2-l047	2	farão	13	18	3	rão	farão	a	batch_review_unverified
bnf-f0199	c2-l047	3	não	44	47	1	não	não	a	batch_review_unverified
bnf-f0200	c1-l013	1	Hũa	10	13	1	Hũa	Hũa	u	batch_review_unverified
bnf-f0200	c1-l014	1	Hũa	19	22	1	Hũa	Hũa	u	batch_review_unverified
bnf-f0200	c1-l015	1	hũa	3	6	1	hũa	hũa	u	batch_review_unverified
bnf-f0200	c1-l017	1	São	0	3	1	São	São	a	batch_review_unverified
bnf-f0200	c1-l019	1	Exalação	10	18	6	ção	Exalação	a	batch_review_unverified
bnf-f0200	c1-l021	1	cuidão	17	23	4	dão	cuidão	a	batch_review_unverified
bnf-f0200	c1-l022	1	Geração	26	33	5	ção	Geração	a	batch_review_unverified
bnf-f0200	c1-l025	1	Mãos	8	12	1	Mão	Mãos	a	batch_review_unverified
bnf-f0200	c1-l026	1	mãos	17	21	1	mão	mãos	a	batch_review_unverified
bnf-f0200	c1-l027	1	hũa	24	27	1	hũa	hũa	u	batch_review_unverified
bnf-f0200	c1-l028	1	dão	4	7	1	dão	dão	a	batch_review_unverified
bnf-f0200	c1-l028	2	Iapão	23	28	3	pão	Iapão	a	batch_review_unverified
bnf-f0200	c1-l030	1	algũa	0	5	3	gũa	algũa	u	batch_review_unverified
bnf-f0200	c1-l030	2	hũa	41	44	1	hũa	hũa	u	batch_review_unverified
bnf-f0200	c1-l032	1	hũa	27	30	1	hũa	hũa	u	batch_review_unverified
bnf-f0200	c1-l034	1	não	40	43	1	não	não	a	batch_review_unverified
bnf-f0200	c1-l038	1	não	4	7	1	não	não	a	batch_review_unverified
bnf-f0200	c1-l046	1	Hũa	10	13	1	Hũa	Hũa	u	batch_review_unverified
bnf-f0200	c2-l001	1	varão	33	38	3	rão	varão	a	batch_review_unverified
bnf-f0200	c2-l004	1	Feição	10	16	4	ção	Feição	a	batch_review_unverified
bnf-f0200	c2-l005	1	feição	24	30	4	ção	feição	a	batch_review_unverified
bnf-f0200	c2-l006	1	Não	22	25	1	Não	Não	a	batch_review_unverified
bnf-f0200	c2-l009	1	Coração	13	20	5	ção	Coração	a	batch_review_unverified
bnf-f0200	c2-l012	1	não	0	3	1	não	não	a	batch_review_unverified
bnf-f0200	c2-l012	2	coração	25	32	5	ção	coração	a	batch_review_unverified
bnf-f0200	c2-l014	1	Não	14	17	1	Não	Não	a	batch_review_unverified
bnf-f0200	c2-l020	1	hũa	0	3	1	hũa	hũa	u	batch_review_unverified
bnf-f0200	c2-l024	1	Não	36	39	1	Não	Não	a	batch_review_unverified
bnf-f0200	c2-l028	1	hũa	17	20	1	hũa	hũa	u	batch_review_unverified
bnf-f0200	c2-l034	1	atirão	22	28	4	rão	atirão	a	batch_review_unverified
bnf-f0200	c2-l039	1	não	9	12	1	não	não	a	batch_review_unverified
bnf-f0200	c2-l042	1	algũa	14	19	3	gũa	algũa	u	batch_review_unverified
bnf-f0200	c2-l047	1	algũa	33	38	3	gũa	algũa	u	batch_review_unverified
bnf-f0201	c1-l003	1	Hũa	10	13	1	Hũa	Hũa	u	batch_review_unverified
bnf-f0201	c1-l009	1	gũa	0	3	1	gũa	gũa	u	batch_review_unverified
bnf-f0201	c1-l011	1	aplicação	7	16	7	ção	aplicação	a	batch_review_unverified
bnf-f0201	c1-l011	2	algũa	31	36	3	gũa	algũa	u	batch_review_unverified
bnf-f0201	c1-l012	1	Hũa	14	17	1	Hũa	Hũa	u	batch_review_unverified
bnf-f0201	c1-l018	1	mortificão	21	31	8	cão	mortificão	a	batch_review_unverified
bnf-f0201	c1-l018	2	dão	35	38	1	dão	dão	a	batch_review_unverified
bnf-f0201	c1-l041	1	ſaluação	25	33	6	ção	ſaluação	a	batch_review_unverified
bnf-f0201	c2-l002	1	hũas	9	13	1	hũa	hũas	u	batch_review_unverified
bnf-f0201	c2-l008	1	hũa	0	3	1	hũa	hũa	u	batch_review_unverified
bnf-f0201	c2-l008	2	hũa	16	19	1	hũa	hũa	u	batch_review_unverified
bnf-f0201	c2-l018	1	não	19	22	1	não	não	a	batch_review_unverified
bnf-f0201	c2-l022	1	não	10	13	1	não	não	a	batch_review_unverified
bnf-f0201	c2-l025	1	não	33	36	1	não	não	a	batch_review_unverified
bnf-f0201	c2-l029	1	hũa	25	28	1	hũa	hũa	u	batch_review_unverified
bnf-f0201	c2-l033	1	Hũa	8	11	1	Hũa	Hũa	u	batch_review_unverified
bnf-f0201	c2-l035	1	algũa	18	23	3	gũa	algũa	u	batch_review_unverified
bnf-f0201	c2-l039	1	algũa	29	34	3	gũa	algũa	u	batch_review_unverified
bnf-f0201	c2-l040	1	mão	15	18	1	mão	mão	a	batch_review_unverified
bnf-f0201	c2-l045	1	algũa	37	42	3	gũa	algũa	u	batch_review_unverified
bnf-f0202	c1-l001	1	ladrão	12	18	4	rão	ladrão	a	batch_review_unverified
bnf-f0202	c1-l006	1	atão	0	4	2	tão	atão	a	batch_review_unverified
bnf-f0202	c1-l008	1	ferrão	11	17	4	rão	ferrão	a	batch_review_unverified
bnf-f0202	c1-l010	1	Não	20	23	1	Não	Não	a	batch_review_unverified
bnf-f0202	c1-l019	1	mão	0	3	1	mão	mão	a	batch_review_unverified
bnf-f0202	c1-l020	1	hũa	17	20	1	hũa	hũa	u	batch_review_unverified
bnf-f0202	c1-l026	1	algũa	36	41	3	gũa	algũa	u	batch_review_unverified
bnf-f0202	c1-l032	1	feição	23	29	4	ção	feição	a	batch_review_unverified
bnf-f0202	c1-l037	1	Falcão	29	35	4	cão	Falcão	a	batch_review_unverified
bnf-f0202	c1-l045	1	Iapão	10	15	3	pão	Iapão	a	batch_review_unverified
bnf-f0202	c1-l046	1	Hũa	8	11	1	Hũa	Hũa	u	batch_review_unverified
bnf-f0202	c2-l022	1	não	19	22	1	não	não	a	batch_review_unverified
bnf-f0202	c2-l026	1	Hũa	9	12	1	Hũa	Hũa	u	batch_review_unverified
bnf-f0202	c2-l038	1	começão	27	34	5	ção	começão	a	batch_review_unverified
bnf-f0202	c2-l039	1	acabão	3	9	4	bão	acabão	a	batch_review_unverified
bnf-f0203	c1-l003	1	grãos	34	39	2	rão	grãos	a	batch_review_unverified
bnf-f0203	c1-l006	1	moão	32	36	2	oão	moão	a	batch_review_unverified
bnf-f0203	c1-l007	1	não	21	24	1	não	não	a	batch_review_unverified
bnf-f0203	c1-l008	1	Chriſtão	0	8	6	tão	Chriſtão	a	batch_review_unverified
bnf-f0203	c1-l015	1	algũa	4	9	3	gũa	algũa	u	batch_review_unverified
bnf-f0203	c1-l020	1	Eſcriuão	20	28	6	uão	Eſcriuão	a	batch_review_unverified
bnf-f0203	c1-l021	1	Feição	23	29	4	ção	Feição	a	batch_review_unverified
bnf-f0203	c1-l028	1	Não	25	28	1	Não	Não	a	batch_review_unverified
bnf-f0203	c1-l031	1	cordão	11	17	4	dão	cordão	a	batch_review_unverified
bnf-f0203	c1-l033	1	vſão	22	26	2	ſão	vſão	a	batch_review_unverified
bnf-f0203	c1-l035	1	algũa	28	33	3	gũa	algũa	u	batch_review_unverified
bnf-f0203	c1-l044	1	Aliquã	33	39	5	uã	Aliquã	a	batch_review_unverified
bnf-f0203	c2-l009	1	algũa	26	31	3	gũa	algũa	u	batch_review_unverified
bnf-f0203	c2-l014	1	algũa	30	35	3	gũa	algũa	u	batch_review_unverified
bnf-f0203	c2-l015	1	verão	24	29	3	rão	verão	a	batch_review_unverified
bnf-f0203	c2-l023	1	Carnegão	6	14	6	gão	Carnegão	a	batch_review_unverified
bnf-f0203	c2-l040	1	Pintão	8	14	4	tão	Pintão	a	batch_review_unverified
bnf-f0203	c2-l040	2	frangão	19	26	5	gão	frangão	a	batch_review_unverified
bnf-f0203	c2-l042	1	hũa	22	25	1	hũa	hũa	u	batch_review_unverified
bnf-f0203	c2-l044	1	paração	0	7	5	ção	paração	a	batch_review_unverified
bnf-f0203	c2-l044	2	amão	25	29	2	mão	amão	a	batch_review_unverified
bnf-f0203	c2-l044	3	não	33	36	1	não	não	a	batch_review_unverified
bnf-f0204	c1a-l001	1	Conjunção	18	27	7	ção	Conjunção	a	batch_review_unverified
bnf-f0204	c1a-l004	1	Comparação	14	24	8	ção	Comparação	a	batch_review_unverified
bnf-f0204	c1a-l010	1	Iapão	8	13	3	pão	Iapão	a	batch_review_unverified
bnf-f0205	c1-l002	1	vſão	16	20	2	ſão	vſão	a	batch_review_unverified
bnf-f0205	c1-l004	1	quãdo	24	29	2	uãd	quãdo	a	batch_review_unverified
bnf-f0205	c1-l012	1	buquãto	4	11	4	uãt	buquãto	a	batch_review_unverified
bnf-f0205	c1-l015	1	não	14	17	1	não	não	a	batch_review_unverified
bnf-f0205	c1-l020	1	algũa	32	37	3	gũa	algũa	u	batch_review_unverified
bnf-f0205	c1-l024	1	ção	0	3	1	ção	ção	a	batch_review_unverified
bnf-f0205	c1-l028	1	Hũa	7	10	1	Hũa	Hũa	u	batch_review_unverified
bnf-f0205	c1-l029	1	embarcação	24	34	8	ção	embarcação	a	batch_review_unverified
bnf-f0205	c1-l034	1	Embarcação	12	22	8	ção	Embarcação	a	batch_review_unverified
bnf-f0205	c1-l041	1	enfião	33	39	4	ião	enfião	a	batch_review_unverified
bnf-f0205	c1-l042	1	tinuão	0	6	4	uão	tinuão	a	batch_review_unverified
bnf-f0205	c1-l044	1	algũa	28	33	3	gũa	algũa	u	batch_review_unverified
bnf-f0205	c1-l046	1	grãos	11	16	2	rão	grãos	a	batch_review_unverified
bnf-f0205	c1-l046	2	ſoão	21	25	2	oão	ſoão	a	batch_review_unverified
bnf-f0205	c2-l010	1	Godão	21	26	3	dão	Godão	a	batch_review_unverified
bnf-f0205	c2-l012	1	Boſão	22	27	3	ſão	Boſão	a	batch_review_unverified
bnf-f0205	c2-l017	1	Hũa	6	9	1	Hũa	Hũa	u	batch_review_unverified
bnf-f0205	c2-l021	1	gauião	38	44	4	ião	gauião	a	batch_review_unverified
bnf-f0205	c2-l022	1	falcão	3	9	4	cão	falcão	a	batch_review_unverified
bnf-f0205	c2-l031	1	Aleuãtarſe	30	40	4	uãt	Aleuãtarſe	a	batch_review_unverified
bnf-f0205	c2-l032	1	Vaãgloriarſe	18	30	2	aãg	Vaãgloriarſe	a	batch_review_unverified
bnf-f0205	c2-l033	1	chôuõni	32	39	4	uõn	chôuõni	o	batch_review_unverified
bnf-f0205	c2-l037	1	algũa	31	36	3	gũa	algũa	u	batch_review_unverified
bnf-f0206	c1-l002	1	tão	0	3	1	tão	tão	a	batch_review_unverified
bnf-f0206	c1-l005	1	algũa	24	29	3	gũa	algũa	u	batch_review_unverified
bnf-f0206	c1-l008	1	ção	0	3	1	ção	ção	a	batch_review_unverified
bnf-f0206	c1-l008	2	ſaluação	18	26	6	ção	ſaluação	a	batch_review_unverified
bnf-f0206	c1-l013	1	coſtumão	5	13	6	mão	coſtumão	a	batch_review_unverified
bnf-f0206	c1-l013	2	eſtão	27	32	3	tão	eſtão	a	batch_review_unverified
bnf-f0206	c1-l016	1	eſtão	11	16	3	tão	eſtão	a	batch_review_unverified
bnf-f0206	c1-l033	1	maacriação	28	38	8	ção	maacriação	a	batch_review_unverified
bnf-f0206	c1-l038	1	Pregação	7	15	6	ção	Pregação	a	batch_review_unverified
bnf-f0206	c1-l041	1	pregarão	9	17	6	rão	pregarão	a	batch_review_unverified
bnf-f0206	c1-l043	1	hũa	8	11	1	hũa	hũa	u	batch_review_unverified
bnf-f0206	c1-l047	1	Grilhão	18	25	5	hão	Grilhão	a	batch_review_unverified
bnf-f0206	c2-l001	1	hũa	26	29	1	hũa	hũa	u	batch_review_unverified
bnf-f0206	c2-l009	1	Quã	32	35	2	uã	Quã	a	batch_review_unverified
bnf-f0206	c2-l027	1	proporção	24	33	7	ção	proporção	a	batch_review_unverified
bnf-f0206	c2-l046	1	hũa	20	23	1	hũa	hũa	u	batch_review_unverified
bnf-f0207	c1-l005	1	botão	30	35	3	tão	botão	a	batch_review_unverified
bnf-f0207	c1-l013	1	tratão	14	20	4	tão	tratão	a	batch_review_unverified
bnf-f0207	c1-l013	2	falão	25	30	3	lão	falão	a	batch_review_unverified
bnf-f0207	c1-l021	1	chão	9	13	2	hão	chão	a	batch_review_unverified
bnf-f0207	c1-l022	1	algũa	16	21	3	gũa	algũa	u	batch_review_unverified
bnf-f0207	c1-l024	1	algũa	18	23	3	gũa	algũa	u	batch_review_unverified
bnf-f0207	c1-l027	1	dão	8	11	1	dão	dão	a	batch_review_unverified
bnf-f0207	c1-l029	1	Não	20	23	1	Não	Não	a	batch_review_unverified
bnf-f0207	c1-l033	1	lũa	40	43	1	lũa	lũa	u	batch_review_unverified
bnf-f0207	c2-l001	1	Murmuração	24	34	8	ção	Murmuração	a	batch_review_unverified
bnf-f0207	c2-l009	1	não	33	36	1	não	não	a	batch_review_unverified
bnf-f0207	c2-l010	1	ueitão	0	6	4	tão	ueitão	a	batch_review_unverified
bnf-f0207	c2-l014	1	coração	26	33	5	ção	coração	a	batch_review_unverified
bnf-f0207	c2-l023	1	acompanhão	20	30	8	hão	acompanhão	a	batch_review_unverified
bnf-f0207	c2-l037	1	Retribuição	18	29	9	ção	Retribuição	a	batch_review_unverified
bnf-f0207	c2-l047	1	meriẽ	0	5	4	iẽ	meriẽ	e	batch_review_unverified
bnf-f0208	c1-l010	1	dilatão	14	21	5	tão	dilatão	a	batch_review_unverified
bnf-f0208	c1-l010	2	pregão	25	31	4	gão	pregão	a	batch_review_unverified
bnf-f0208	c1-l010	3	algũa	32	37	3	gũa	algũa	u	batch_review_unverified
bnf-f0208	c1-l011	1	não	12	15	1	não	não	a	batch_review_unverified
bnf-f0208	c1-l012	1	ſaluacão	3	11	6	cão	ſaluacão	a	batch_review_unverified
bnf-f0208	c1-l017	1	alguẽ	2	7	4	uẽ	alguẽ	e	batch_review_unverified
bnf-f0208	c1-l018	1	occaſião	21	29	6	ião	occaſião	a	batch_review_unverified
bnf-f0208	c1-l019	1	algũa	0	5	3	gũa	algũa	u	batch_review_unverified
bnf-f0208	c1-l022	1	dão	0	3	1	dão	dão	a	batch_review_unverified
bnf-f0208	c1-l027	1	põe	19	22	1	põe	põe	o	batch_review_unverified
bnf-f0208	c2-l002	1	eſtão	0	5	3	tão	eſtão	a	batch_review_unverified
bnf-f0208	c2-l009	1	comparação	13	23	8	ção	comparação	a	batch_review_unverified
bnf-f0208	c2-l042	1	dalgũas	0	7	4	gũa	dalgũas	u	batch_review_unverified
bnf-f0208	c2-l045	1	Armação	6	13	5	ção	Armação	a	batch_review_unverified
bnf-f0208	c2-l047	1	armação	21	28	5	ção	armação	a	batch_review_unverified
bnf-f0209	c1-l007	1	Feição	10	16	4	ção	Feição	a	batch_review_unverified
bnf-f0209	c1-l010	1	feições	14	21	4	çõe	feições	o	batch_review_unverified
bnf-f0209	c1-l010	2	fizerão	32	39	5	rão	fizerão	a	batch_review_unverified
bnf-f0209	c1-l017	1	nalgũa	39	45	4	gũa	nalgũa	u	batch_review_unverified
bnf-f0209	c1-l020	1	capitão	17	24	5	tão	capitão	a	batch_review_unverified
bnf-f0209	c1-l034	1	algũa	6	11	3	gũa	algũa	u	batch_review_unverified
bnf-f0209	c1-l037	1	algũa	9	14	3	gũa	algũa	u	batch_review_unverified
bnf-f0209	c1-l041	1	Traição	10	17	5	ção	Traição	a	batch_review_unverified
bnf-f0209	c1-l042	1	traição	12	19	5	ção	traição	a	batch_review_unverified
bnf-f0209	c1-l047	1	Traição	0	7	5	ção	Traição	a	batch_review_unverified
bnf-f0209	c2-l004	1	razão	8	13	3	zão	razão	a	batch_review_unverified
bnf-f0209	c2-l005	1	razão	17	22	3	zão	razão	a	batch_review_unverified
bnf-f0209	c2-l031	1	pagão	14	19	3	gão	pagão	a	batch_review_unverified
bnf-f0209	c2-l031	2	chão	34	38	2	hão	chão	a	batch_review_unverified
bnf-f0209	c2-l035	1	capitão	37	44	5	tão	capitão	a	batch_review_unverified
bnf-f0209	c2-l037	1	eſtão	15	20	3	tão	eſtão	a	batch_review_unverified
bnf-f0210	c1-l017	1	lũa	28	31	1	lũa	lũa	u	batch_review_unverified
bnf-f0210	c1-l021	1	lũa	6	9	1	lũa	lũa	u	batch_review_unverified
bnf-f0210	c1-l029	1	algũa	13	18	3	gũa	algũa	u	batch_review_unverified
bnf-f0210	c1-l031	1	rão	0	3	1	rão	rão	a	batch_review_unverified
bnf-f0210	c1-l031	2	algũa	42	47	3	gũa	algũa	u	batch_review_unverified
bnf-f0210	c1-l033	1	dalgũa	11	17	4	gũa	dalgũa	u	batch_review_unverified
bnf-f0210	c1-l041	1	não	32	35	1	não	não	a	batch_review_unverified
bnf-f0210	c2-l001	1	ſiderão	0	7	5	rão	ſiderão	a	batch_review_unverified
bnf-f0210	c2-l003	1	ção	0	3	1	ção	ção	a	batch_review_unverified
bnf-f0210	c2-l017	1	não	25	28	1	não	não	a	batch_review_unverified
bnf-f0210	c2-l032	1	dedução	8	15	5	ção	dedução	a	batch_review_unverified
bnf-f0210	c2-l034	1	paração	0	7	5	ção	paração	a	batch_review_unverified
bnf-f0210	c2-l041	1	dão	0	3	1	dão	dão	a	batch_review_unverified
bnf-f0210	c2-l041	2	empreſtão	8	17	7	tão	empreſtão	a	batch_review_unverified
bnf-f0210	c2-l046	1	Opinião	13	20	5	ião	Opinião	a	batch_review_unverified
bnf-f0211	c1-l002	1	cuidão	22	28	4	dão	cuidão	a	batch_review_unverified
bnf-f0211	c1-l016	1	algũa	18	23	3	gũa	algũa	u	batch_review_unverified
bnf-f0211	c1-l020	1	vão	39	42	1	vão	vão	a	batch_review_unverified
bnf-f0211	c1-l025	1	começarão	6	15	7	rão	começarão	a	batch_review_unverified
bnf-f0211	c1-l041	1	hũa	12	15	1	hũa	hũa	u	batch_review_unverified
bnf-f0211	c2-l004	1	coração	5	12	5	ção	coração	a	batch_review_unverified
bnf-f0211	c2-l008	1	dalgũa	6	12	4	gũa	dalgũa	u	batch_review_unverified
bnf-f0211	c2-l022	1	Caixão	22	28	4	xão	Caixão	a	batch_review_unverified
bnf-f0211	c2-l023	1	eſtão	18	23	3	tão	eſtão	a	batch_review_unverified
bnf-f0211	c2-l025	1	queimão	23	30	5	mão	queimão	a	batch_review_unverified
bnf-f0211	c2-l026	1	põe	21	24	1	põe	põe	o	batch_review_unverified
bnf-f0211	c2-l027	1	pouoações	0	9	6	çõe	pouoações	o	batch_review_unverified
bnf-f0211	c2-l030	1	entrão	10	16	4	rão	entrão	a	batch_review_unverified
bnf-f0211	c2-l042	1	mão	0	3	1	mão	mão	a	batch_review_unverified
bnf-f0211	c2-l043	1	hũa	33	36	1	hũa	hũa	u	batch_review_unverified
bnf-f0211	c2-l047	1	acções	37	43	3	çõe	acções	o	batch_review_unverified
bnf-f0212	c1-l006	1	algũa	16	21	3	gũa	algũa	u	batch_review_unverified
bnf-f0212	c1-l007	1	inclinação	18	28	8	ção	inclinação	a	batch_review_unverified
bnf-f0212	c1-l010	1	affeição	10	18	6	ção	affeição	a	batch_review_unverified
bnf-f0212	c1-l015	1	algũa	18	23	3	gũa	algũa	u	batch_review_unverified
bnf-f0212	c1-l015	2	affeição	30	38	6	ção	affeição	a	batch_review_unverified
bnf-f0212	c1-l018	1	coração	14	21	5	ção	coração	a	batch_review_unverified
bnf-f0212	c1-l026	1	não	11	14	1	não	não	a	batch_review_unverified
bnf-f0212	c1-l029	1	leuão	18	23	3	uão	leuão	a	batch_review_unverified
bnf-f0212	c1-l031	1	leſão	33	38	3	ſão	leſão	a	batch_review_unverified
bnf-f0212	c1-l035	1	gũa	0	3	1	gũa	gũa	u	batch_review_unverified
bnf-f0212	c1-l036	1	Razões	23	29	3	zõe	Razões	o	batch_review_unverified
bnf-f0212	c1-l043	1	algũa	0	5	3	gũa	algũa	u	batch_review_unverified
bnf-f0212	c2-l008	1	dalgũa	8	14	4	gũa	dalgũa	u	batch_review_unverified
bnf-f0212	c2-l009	1	algũa	25	30	3	gũa	algũa	u	batch_review_unverified
bnf-f0212	c2-l010	1	hũa	5	8	1	hũa	hũa	u	batch_review_unverified
bnf-f0212	c2-l015	1	algũa	13	18	3	gũa	algũa	u	batch_review_unverified
bnf-f0212	c2-l026	1	Não	13	16	1	Não	Não	a	batch_review_unverified
bnf-f0212	c2-l033	1	não	23	26	1	não	não	a	batch_review_unverified
bnf-f0212	c2-l045	1	dalgũa	11	17	4	gũa	dalgũa	u	batch_review_unverified
bnf-f0213	c1-l007	1	vſão	26	30	2	ſão	vſão	a	batch_review_unverified
bnf-f0213	c1-l008	1	leuão	18	23	3	uão	leuão	a	batch_review_unverified
bnf-f0213	c1-l012	1	dalguẽ	36	42	5	uẽ	dalguẽ	e	batch_review_unverified
bnf-f0213	c1-l013	1	algũa	33	38	3	gũa	algũa	u	batch_review_unverified
bnf-f0213	c1-l023	1	gũa	0	3	1	gũa	gũa	u	batch_review_unverified
bnf-f0213	c1-l024	1	Cairão	27	33	4	rão	Cairão	a	batch_review_unverified
bnf-f0213	c1-l029	1	não	8	11	1	não	não	a	batch_review_unverified
bnf-f0213	c1-l030	1	algũa	9	14	3	gũa	algũa	u	batch_review_unverified
bnf-f0213	c1-l035	1	feição	26	32	4	ção	feição	a	batch_review_unverified
bnf-f0213	c1-l038	1	algũa	17	22	3	gũa	algũa	u	batch_review_unverified
bnf-f0213	c1-l041	1	deuação	28	35	5	ção	deuação	a	batch_review_unverified
bnf-f0213	c1-l047	1	Maçãas	8	14	3	çãa	Maçãas	a	batch_review_unverified
bnf-f0213	c2-l015	1	Iapão	30	35	3	pão	Iapão	a	batch_review_unverified
bnf-f0213	c2-l024	1	Ladrãoſinho	9	20	4	rão	Ladrãoſinho	a	batch_review_unverified
bnf-f0213	c2-l024	2	ladrão	25	31	4	rão	ladrão	a	batch_review_unverified
bnf-f0213	c2-l030	1	mão	6	9	1	mão	mão	a	batch_review_unverified
bnf-f0213	c2-l030	2	não	10	13	1	não	não	a	batch_review_unverified
bnf-f0213	c2-l045	1	Hũa	7	10	1	Hũa	Hũa	u	batch_review_unverified
bnf-f0213	c2-l046	1	ordenações	30	40	7	çõe	ordenações	o	batch_review_unverified
bnf-f0214	c1-l004	1	Hũa	7	10	1	Hũa	Hũa	u	batch_review_unverified
bnf-f0214	c1-l005	1	puxão	28	33	3	xão	puxão	a	batch_review_unverified
bnf-f0214	c1-l006	1	vſão	26	30	2	ſão	vſão	a	batch_review_unverified
bnf-f0214	c1-l008	1	chão	37	41	2	hão	chão	a	batch_review_unverified
bnf-f0214	c1-l019	1	mão	7	10	1	mão	mão	a	batch_review_unverified
bnf-f0214	c1-l019	2	algũa	11	16	3	gũa	algũa	u	batch_review_unverified
bnf-f0214	c1-l021	1	mão	4	7	1	mão	mão	a	batch_review_unverified
bnf-f0214	c1-l024	1	ração	0	5	3	ção	ração	a	batch_review_unverified
bnf-f0214	c1-l029	1	algũa	22	27	3	gũa	algũa	u	batch_review_unverified
bnf-f0214	c1-l037	1	algũa	6	11	3	gũa	algũa	u	batch_review_unverified
bnf-f0214	c1-l039	1	algũa	0	5	3	gũa	algũa	u	batch_review_unverified
bnf-f0214	c1-l045	1	Boyão	9	14	3	yão	Boyão	a	batch_review_unverified
bnf-f0214	c2-l001	1	hũa	7	10	1	hũa	hũa	u	batch_review_unverified
bnf-f0214	c2-l006	1	golſão	11	17	4	ſão	golſão	a	batch_review_unverified
bnf-f0214	c2-l007	1	algũa	17	22	3	gũa	algũa	u	batch_review_unverified
bnf-f0214	c2-l019	1	Iapão	14	19	3	pão	Iapão	a	batch_review_unverified
bnf-f0214	c2-l022	1	coração	18	25	5	ção	coração	a	batch_review_unverified
bnf-f0214	c2-l024	1	coração	5	12	5	ção	coração	a	batch_review_unverified
bnf-f0214	c2-l024	2	ſatisfação	13	23	8	ção	ſatisfação	a	batch_review_unverified
bnf-f0214	c2-l033	1	ſatisfação	0	10	8	ção	ſatisfação	a	batch_review_unverified
bnf-f0215	c1-l016	1	coração	7	14	5	ção	coração	a	batch_review_unverified
bnf-f0215	c1-l023	1	encontrão	36	45	7	rão	encontrão	a	batch_review_unverified
bnf-f0215	c1-l028	1	Grãos	19	24	2	rão	Grãos	a	batch_review_unverified
bnf-f0215	c1-l028	2	feijões	29	36	4	jõe	feijões	o	batch_review_unverified
bnf-f0215	c1-l031	1	algũa	35	40	3	gũa	algũa	u	batch_review_unverified
bnf-f0215	c1-l036	1	cão	31	34	1	cão	cão	a	batch_review_unverified
bnf-f0215	c1-l041	1	mão	4	7	1	mão	mão	a	batch_review_unverified
bnf-f0215	c2-l010	1	alguẽ	15	20	4	uẽ	alguẽ	e	batch_review_unverified
bnf-f0215	c2-l022	1	Deuação	25	32	5	ção	Deuação	a	batch_review_unverified
bnf-f0215	c2-l023	1	ſaluação	22	30	6	ção	ſaluação	a	batch_review_unverified
bnf-f0215	c2-l039	1	diſtinguẽ	21	30	8	uẽ	diſtinguẽ	e	batch_review_unverified
bnf-f0215	c2-l044	1	cão	25	28	1	cão	cão	a	batch_review_unverified
bnf-f0215	c2-l048	1	alguẽ	10	15	4	uẽ	alguẽ	e	batch_review_unverified
bnf-f0216	c1-l012	1	algũa	7	12	3	gũa	algũa	u	batch_review_unverified
bnf-f0216	c1-l013	1	confortão	32	41	7	tão	confortão	a	batch_review_unverified
bnf-f0216	c1-l014	1	dão	0	3	1	dão	dão	a	batch_review_unverified
bnf-f0216	c1-l016	1	ção	0	3	1	ção	ção	a	batch_review_unverified
bnf-f0216	c1-l026	1	Satisfação	22	32	8	ção	Satisfação	a	batch_review_unverified
bnf-f0216	c1-l029	1	melão	28	33	3	lão	melão	a	batch_review_unverified
bnf-f0216	c1-l032	1	Gudão	19	24	3	dão	Gudão	a	batch_review_unverified
bnf-f0216	c1-l037	1	algũa	12	17	3	gũa	algũa	u	batch_review_unverified
bnf-f0216	c1-l039	1	Melão	31	36	3	lão	Melão	a	batch_review_unverified
bnf-f0216	c1-l042	1	algũa	9	14	3	gũa	algũa	u	batch_review_unverified
bnf-f0216	c2a-l001	1	Hũa	9	12	1	Hũa	Hũa	u	batch_review_unverified
bnf-f0216	c2a-l002	1	mão	31	34	1	mão	mão	a	batch_review_unverified
bnf-f0216	c2a-l003	1	mão	38	41	1	mão	mão	a	batch_review_unverified
bnf-f0216	c2b-l011	1	Hũa	24	27	1	Hũa	Hũa	u	batch_review_unverified
bnf-f0216	c2b-l016	1	uão	0	3	1	uão	uão	a	batch_review_unverified
bnf-f0216	c2b-l022	1	não	30	33	1	não	não	a	batch_review_unverified
bnf-f0216	c2b-l027	1	Não	15	18	1	Não	Não	a	batch_review_unverified
bnf-f0216	c2b-l031	1	paixão	0	6	4	xão	paixão	a	batch_review_unverified
bnf-f0216	c2b-l032	1	cõpaixão	16	24	6	xão	cõpaixão	a	batch_review_unverified
bnf-f0216	c2b-l033	1	compaixão	16	25	7	xão	compaixão	a	batch_review_unverified
bnf-f0216	c2b-l036	1	não	25	28	1	não	não	a	batch_review_unverified
bnf-f0216	c2b-l036	2	tão	34	37	1	tão	tão	a	batch_review_unverified
bnf-f0216	c2b-l041	1	compaixão	30	39	7	xão	compaixão	a	batch_review_unverified
bnf-f0217	c1-l022	1	Não	16	19	1	Não	Não	a	batch_review_unverified
bnf-f0217	c1-l022	2	não	32	35	1	não	não	a	batch_review_unverified
bnf-f0217	c1-l024	1	tubarão	12	19	5	rão	tubarão	a	batch_review_unverified
bnf-f0217	c1-l034	1	não	4	7	1	não	não	a	batch_review_unverified
bnf-f0217	c1-l039	1	inconſideração	10	24	12	ção	inconſideração	a	batch_review_unverified
bnf-f0217	c2-l004	1	algũa	37	42	3	gũa	algũa	u	batch_review_unverified
bnf-f0217	c2-l006	1	não	34	37	1	não	não	a	batch_review_unverified
bnf-f0217	c2-l007	1	algũa	4	9	3	gũa	algũa	u	batch_review_unverified
bnf-f0217	c2-l010	1	Não	21	24	1	Não	Não	a	batch_review_unverified
bnf-f0217	c2-l012	1	Não	24	27	1	Não	Não	a	batch_review_unverified
bnf-f0217	c2-l014	1	não	32	35	1	não	não	a	batch_review_unverified
bnf-f0217	c2-l019	1	meditação	26	35	7	ção	meditação	a	batch_review_unverified
bnf-f0217	c2-l026	1	poẽ	41	44	2	oẽ	poẽ	e	batch_review_unverified
bnf-f0217	c2-l027	1	dalgũa	22	28	4	gũa	dalgũa	u	batch_review_unverified
bnf-f0217	c2-l031	1	algũa	0	5	3	gũa	algũa	u	batch_review_unverified
bnf-f0217	c2-l034	1	Não	25	28	1	Não	Não	a	batch_review_unverified
bnf-f0217	c2-l035	1	não	29	32	1	não	não	a	batch_review_unverified
bnf-f0217	c2-l038	1	tribulação	0	10	8	ção	tribulação	a	batch_review_unverified
bnf-f0218	c1-l004	1	Não	20	23	1	Não	Não	a	batch_review_unverified
bnf-f0218	c1-l006	1	deprecações	5	16	8	çõe	deprecações	o	batch_review_unverified
bnf-f0218	c1-l006	2	fazião	21	27	4	ião	fazião	a	batch_review_unverified
bnf-f0218	c1-l006	3	não	28	31	1	não	não	a	batch_review_unverified
bnf-f0218	c1-l008	1	Iapão	0	5	3	pão	Iapão	a	batch_review_unverified
bnf-f0218	c1-l025	1	propagação	8	18	8	ção	propagação	a	batch_review_unverified
bnf-f0218	c1-l025	2	dalgũa	19	25	4	gũa	dalgũa	u	batch_review_unverified
bnf-f0218	c1-l026	1	não	28	31	1	não	não	a	batch_review_unverified
bnf-f0218	c1-l026	2	não	44	47	1	não	não	a	batch_review_unverified
bnf-f0218	c1-l027	1	algũa	4	9	3	gũa	algũa	u	batch_review_unverified
bnf-f0218	c1-l027	2	compoſição	33	43	8	ção	compoſição	a	batch_review_unverified
bnf-f0218	c1-l033	1	cações	0	6	3	çõe	cações	o	batch_review_unverified
bnf-f0218	c1-l043	1	Não	20	23	1	Não	Não	a	batch_review_unverified
bnf-f0218	c2-l007	1	Hũa	11	14	1	Hũa	Hũa	u	batch_review_unverified
bnf-f0218	c2-l011	1	não	27	30	1	não	não	a	batch_review_unverified
bnf-f0218	c2-l014	1	algũa	20	25	3	gũa	algũa	u	batch_review_unverified
bnf-f0218	c2-l020	1	coração	28	35	5	ção	coração	a	batch_review_unverified
bnf-f0218	c2-l027	1	algũa	4	9	3	gũa	algũa	u	batch_review_unverified
bnf-f0218	c2-l028	1	Pãouo	30	35	1	Pão	Pãouo	a	batch_review_unverified
bnf-f0218	c2-l030	1	Pão	0	3	1	Pão	Pão	a	batch_review_unverified
bnf-f0218	c2-l030	2	Iapão	22	27	3	pão	Iapão	a	batch_review_unverified
bnf-f0218	c2-l031	1	algũa	25	30	3	gũa	algũa	u	batch_review_unverified
bnf-f0218	c2-l037	1	pão	20	23	1	pão	pão	a	batch_review_unverified
bnf-f0218	c2-l039	1	algũa	31	36	3	gũa	algũa	u	batch_review_unverified
bnf-f0219	c1-l008	1	eſtão	24	29	3	tão	eſtão	a	batch_review_unverified
bnf-f0219	c1-l012	1	não	10	13	1	não	não	a	batch_review_unverified
bnf-f0219	c1-l014	1	não	36	39	1	não	não	a	batch_review_unverified
bnf-f0219	c1-l015	1	algũa	11	16	3	gũa	algũa	u	batch_review_unverified
bnf-f0219	c1-l015	2	compoſição	17	27	8	ção	compoſição	a	batch_review_unverified
bnf-f0219	c1-l018	1	algũas	29	35	3	gũa	algũas	u	batch_review_unverified
bnf-f0219	c1-l036	1	não	21	24	1	não	não	a	batch_review_unverified
bnf-f0219	c1-l037	1	não	0	3	1	não	não	a	batch_review_unverified
bnf-f0219	c1-l039	1	algũa	20	25	3	gũa	algũa	u	batch_review_unverified
bnf-f0219	c1-l044	1	coração	33	40	5	ção	coração	a	batch_review_unverified
bnf-f0219	c1-l045	1	Sotocapitão	25	36	9	tão	Sotocapitão	a	batch_review_unverified
bnf-f0219	c2-l016	1	regiõ	34	39	4	iõ	regiõ	o	batch_review_unverified
bnf-f0219	c2-l020	1	ſucceſſão	31	40	7	ſão	ſucceſſão	a	batch_review_unverified
bnf-f0219	c2-l026	1	queimão	21	28	5	mão	queimão	a	batch_review_unverified
bnf-f0219	c2-l028	1	vão	16	19	1	vão	vão	a	batch_review_unverified
bnf-f0219	c2-l031	1	Quãuon	21	27	2	uãu	Quãuon	a	batch_review_unverified
bnf-f0219	c2-l035	1	hũa	0	3	1	hũa	hũa	u	batch_review_unverified
bnf-f0219	c2-l035	2	embarcação	4	14	8	ção	embarcação	a	batch_review_unverified
bnf-f0219	c2-l036	1	botão	35	40	3	tão	botão	a	batch_review_unverified
bnf-f0219	c2-l037	1	afogão	10	16	4	gão	afogão	a	batch_review_unverified
bnf-f0219	c2-l041	1	Iapão	7	12	3	pão	Iapão	a	batch_review_unverified
bnf-f0219	c2-l044	1	não	32	35	1	não	não	a	batch_review_unverified
bnf-f0219	c2-l047	1	Eſcriuão	10	18	6	uão	Eſcriuão	a	batch_review_unverified
bnf-f0220	c1-l001	1	Iapão	40	45	3	pão	Iapão	a	batch_review_unverified
bnf-f0220	c1-l002	1	Não	15	18	1	Não	Não	a	batch_review_unverified
bnf-f0220	c1-l003	1	Não	10	13	1	Não	Não	a	batch_review_unverified
bnf-f0220	c1-l006	1	porção	0	6	4	ção	porção	a	batch_review_unverified
bnf-f0220	c1-l014	1	Não	17	20	1	Não	Não	a	batch_review_unverified
bnf-f0220	c1-l015	1	Não	20	23	1	Não	Não	a	batch_review_unverified
bnf-f0220	c1-l016	1	não	41	44	1	não	não	a	batch_review_unverified
bnf-f0220	c1-l018	1	não	39	42	1	não	não	a	batch_review_unverified
bnf-f0220	c1-l019	1	não	18	21	1	não	não	a	batch_review_unverified
bnf-f0220	c1-l027	1	Não	10	13	1	Não	Não	a	batch_review_unverified
bnf-f0220	c1-l028	1	algũa	6	11	3	gũa	algũa	u	batch_review_unverified
bnf-f0220	c1-l030	1	algũa	8	13	3	gũa	algũa	u	batch_review_unverified
bnf-f0220	c1-l033	1	Não	28	31	1	Não	Não	a	batch_review_unverified
bnf-f0220	c1-l035	1	Não	0	3	1	Não	Não	a	batch_review_unverified
bnf-f0220	c1-l037	1	lũa	30	33	1	lũa	lũa	u	batch_review_unverified
bnf-f0220	c1-l043	1	voão	42	46	2	oão	voão	a	batch_review_unverified
bnf-f0220	c1-l046	1	Não	13	16	1	Não	Não	a	batch_review_unverified
bnf-f0220	c2-l003	1	Não	0	3	1	Não	Não	a	batch_review_unverified
bnf-f0220	c2-l005	1	não	21	24	1	não	não	a	batch_review_unverified
bnf-f0220	c2-l005	2	não	35	38	1	não	não	a	batch_review_unverified
bnf-f0220	c2-l006	1	algũa	25	30	3	gũa	algũa	u	batch_review_unverified
bnf-f0220	c2-l007	1	Não	22	25	1	Não	Não	a	batch_review_unverified
bnf-f0220	c2-l008	1	aleijão	20	27	5	jão	aleijão	a	batch_review_unverified
bnf-f0220	c2-l009	1	não	43	46	1	não	não	a	batch_review_unverified
bnf-f0220	c2-l011	1	Não	21	24	1	Não	Não	a	batch_review_unverified
bnf-f0220	c2-l013	1	Não	6	9	1	Não	Não	a	batch_review_unverified
bnf-f0220	c2-l013	2	não	31	34	1	não	não	a	batch_review_unverified
bnf-f0220	c2-l017	1	faltão	22	28	4	tão	faltão	a	batch_review_unverified
bnf-f0220	c2-l023	1	Hũa	12	15	1	Hũa	Hũa	u	batch_review_unverified
bnf-f0220	c2-l024	1	Ocupação	20	28	6	ção	Ocupação	a	batch_review_unverified
bnf-f0220	c2-l027	1	Hũa	10	13	1	Hũa	Hũa	u	batch_review_unverified
bnf-f0220	c2-l032	1	Inquietação	21	32	9	ção	Inquietação	a	batch_review_unverified
bnf-f0220	c2-l035	1	região	27	33	4	ião	região	a	batch_review_unverified
bnf-f0220	c2-l041	1	Feição	7	13	4	ção	Feição	a	batch_review_unverified
bnf-f0220	c2-l045	1	não	11	14	1	não	não	a	batch_review_unverified
bnf-f0220	c2-l045	2	ſão	15	18	1	ſão	ſão	a	batch_review_unverified
bnf-f0221	c1-l005	1	fechão	35	41	4	hão	fechão	a	batch_review_unverified
bnf-f0221	c1-l012	1	não	8	11	1	não	não	a	batch_review_unverified
bnf-f0221	c1-l020	1	não	33	36	1	não	não	a	batch_review_unverified
bnf-f0221	c1-l023	1	não	24	27	1	não	não	a	batch_review_unverified
bnf-f0221	c1-l024	1	não	0	3	1	não	não	a	batch_review_unverified
bnf-f0221	c1-l024	2	algũa	16	21	3	gũa	algũa	u	batch_review_unverified
bnf-f0221	c1-l025	1	não	16	19	1	não	não	a	batch_review_unverified
bnf-f0221	c1-l025	2	não	32	35	1	não	não	a	batch_review_unverified
bnf-f0221	c1-l026	1	algũa	4	9	3	gũa	algũa	u	batch_review_unverified
bnf-f0221	c1-l032	1	Não	8	11	1	Não	Não	a	batch_review_unverified
bnf-f0221	c1-l032	2	não	23	26	1	não	não	a	batch_review_unverified
bnf-f0221	c1-l033	1	não	27	30	1	não	não	a	batch_review_unverified
bnf-f0221	c1-l033	2	algũa	37	42	3	gũa	algũa	u	batch_review_unverified
bnf-f0221	c1-l040	1	Não	18	21	1	Não	Não	a	batch_review_unverified
bnf-f0221	c1-l041	1	não	20	23	1	não	não	a	batch_review_unverified
bnf-f0221	c1-l047	1	pregação	2	10	6	ção	pregação	a	batch_review_unverified
bnf-f0221	c2-l009	1	algũa	3	8	3	gũa	algũa	u	batch_review_unverified
bnf-f0221	c2-l014	1	Não	17	20	1	Não	Não	a	batch_review_unverified
bnf-f0221	c2-l015	1	Não	16	19	1	Não	Não	a	batch_review_unverified
bnf-f0221	c2-l015	2	não	36	39	1	não	não	a	batch_review_unverified
bnf-f0221	c2-l016	1	Não	25	28	1	Não	Não	a	batch_review_unverified
bnf-f0221	c2-l033	1	não	38	41	1	não	não	a	batch_review_unverified
bnf-f0221	c2-l037	1	hũa	26	29	1	hũa	hũa	u	batch_review_unverified
bnf-f0221	c2-l039	1	pilão	20	25	3	lão	pilão	a	batch_review_unverified
bnf-f0222	c1-l005	1	dalgũa	14	20	4	gũa	dalgũa	u	batch_review_unverified
bnf-f0222	c1-l009	1	paſſão	26	32	4	ſão	paſſão	a	batch_review_unverified
bnf-f0222	c1-l021	1	algũa	0	5	3	gũa	algũa	u	batch_review_unverified
bnf-f0222	c1-l024	1	calções	30	37	4	çõe	calções	o	batch_review_unverified
bnf-f0222	c1-l033	1	Não	0	3	1	Não	Não	a	batch_review_unverified
bnf-f0222	c1-l040	1	vão	36	39	1	vão	vão	a	batch_review_unverified
bnf-f0222	c1-l044	1	hũa	8	11	1	hũa	hũa	u	batch_review_unverified
bnf-f0222	c1-l046	1	algũa	29	34	3	gũa	algũa	u	batch_review_unverified
bnf-f0222	c2-l003	1	tão	0	3	1	tão	tão	a	batch_review_unverified
bnf-f0222	c2-l031	1	cõeçanni	29	37	1	cõe	cõeçanni	o	batch_review_unverified
bnf-f0222	c2-l047	1	accusações	32	42	7	çõe	accusações	o	batch_review_unverified
bnf-f0223	c1-l001	1	ameação	17	24	5	ção	ameação	a	batch_review_unverified
bnf-f0223	c1-l003	1	algũa	24	29	3	gũa	algũa	u	batch_review_unverified
bnf-f0223	c1-l019	1	algũa	3	8	3	gũa	algũa	u	batch_review_unverified
bnf-f0223	c1-l020	1	algũa	31	36	3	gũa	algũa	u	batch_review_unverified
bnf-f0223	c1-l022	1	vão	13	16	1	vão	vão	a	batch_review_unverified
bnf-f0223	c1-l031	1	chão	12	16	2	hão	chão	a	batch_review_unverified
bnf-f0223	c1-l033	1	embarcão	27	35	6	cão	embarcão	a	batch_review_unverified
bnf-f0223	c1-l035	1	embarcação	24	34	8	ção	embarcação	a	batch_review_unverified
bnf-f0223	c1-l036	1	embarcarão	19	29	8	rão	embarcarão	a	batch_review_unverified
bnf-f0223	c1-l036	2	morrerão	30	38	6	rão	morrerão	a	batch_review_unverified
bnf-f0223	c1-l042	1	lũa	22	25	1	lũa	lũa	u	batch_review_unverified
bnf-f0223	c1-l043	1	não	22	25	1	não	não	a	batch_review_unverified
bnf-f0223	c2-l003	1	falcões	8	15	4	cõe	falcões	o	batch_review_unverified
bnf-f0223	c2-l003	2	cães	31	35	1	cãe	cães	a	batch_review_unverified
bnf-f0223	c2-l009	1	algũa	28	33	3	gũa	algũa	u	batch_review_unverified
bnf-f0223	c2-l017	1	ção	0	3	1	ção	ção	a	batch_review_unverified
bnf-f0223	c2-l017	2	aſſentão	12	20	6	tão	aſſentão	a	batch_review_unverified
bnf-f0223	c2-l018	1	encoſtão	34	42	6	tão	encoſtão	a	batch_review_unverified
bnf-f0223	c2-l019	1	embarcação	0	10	8	ção	embarcação	a	batch_review_unverified
bnf-f0223	c2-l020	1	embarcação	30	40	8	ção	embarcação	a	batch_review_unverified
bnf-f0223	c2-l021	1	embarcações	25	36	8	çõe	embarcações	o	batch_review_unverified
bnf-f0223	c2-l023	1	embarcações	0	11	8	çõe	embarcações	o	batch_review_unverified
bnf-f0223	c2-l023	2	hũas	19	23	1	hũa	hũas	u	batch_review_unverified
bnf-f0223	c2-l024	1	occaſião	30	38	6	ião	occaſião	a	batch_review_unverified
bnf-f0223	c2-l028	1	cação	0	5	3	ção	cação	a	batch_review_unverified
bnf-f0223	c2-l029	1	embarcações	20	31	8	çõe	embarcações	o	batch_review_unverified
bnf-f0223	c2-l032	1	occaſião	33	41	6	ião	occaſião	a	batch_review_unverified
bnf-f0223	c2-l035	1	embarcações	21	32	8	çõe	embarcações	o	batch_review_unverified
bnf-f0223	c2-l037	1	prohibição	9	19	8	ção	prohibição	a	batch_review_unverified
bnf-f0223	c2-l037	2	não	37	40	1	não	não	a	batch_review_unverified
bnf-f0223	c2-l038	1	embarcação	3	13	8	ção	embarcação	a	batch_review_unverified
bnf-f0223	c2-l040	1	embarcação	3	13	8	ção	embarcação	a	batch_review_unverified
bnf-f0223	c2-l040	2	não	26	29	1	não	não	a	batch_review_unverified
bnf-f0223	c2-l041	1	não	8	11	1	não	não	a	batch_review_unverified
bnf-f0223	c2-l044	1	quãdo	3	8	2	uãd	quãdo	a	batch_review_unverified
bnf-f0223	c2-l044	2	embarcação	23	33	8	ção	embarcação	a	batch_review_unverified
bnf-f0224	c1-l003	1	embarcação	22	32	8	ção	embarcação	a	batch_review_unverified
bnf-f0224	c1-l004	1	embarcação	27	37	8	ção	embarcação	a	batch_review_unverified
bnf-f0224	c1-l006	1	embarcações	15	26	8	çõe	embarcações	o	batch_review_unverified
bnf-f0224	c1-l011	1	embarcações	27	38	8	çõe	embarcações	o	batch_review_unverified
bnf-f0224	c1-l017	1	embarcação	6	16	8	ção	embarcação	a	batch_review_unverified
bnf-f0224	c1-l019	1	corão	0	5	3	rão	corão	a	batch_review_unverified
bnf-f0224	c1-l026	1	embarcação	32	42	8	ção	embarcação	a	batch_review_unverified
bnf-f0224	c1-l027	1	embarcação	29	39	8	ção	embarcação	a	batch_review_unverified
bnf-f0224	c1-l029	1	embarcações	16	27	8	çõe	embarcações	o	batch_review_unverified
bnf-f0224	c1-l029	2	Iapão	31	36	3	pão	Iapão	a	batch_review_unverified
bnf-f0224	c1-l031	1	cação	0	5	3	ção	cação	a	batch_review_unverified
bnf-f0224	c1-l033	1	embarcação	27	37	8	ção	embarcação	a	batch_review_unverified
bnf-f0224	c1-l035	1	embarcação	19	29	8	ção	embarcação	a	batch_review_unverified
bnf-f0224	c1-l037	1	barcações	0	9	6	çõe	barcações	o	batch_review_unverified
bnf-f0224	c1-l037	2	não	20	23	1	não	não	a	batch_review_unverified
bnf-f0224	c2-l002	1	não	22	25	1	não	não	a	batch_review_unverified
bnf-f0224	c2-l005	1	não	16	19	1	não	não	a	batch_review_unverified
bnf-f0224	c2-l017	1	Embarcação	6	16	8	ção	Embarcação	a	batch_review_unverified
bnf-f0224	c2-l018	1	embarcações	29	40	8	çõe	embarcações	o	batch_review_unverified
bnf-f0224	c2-l019	1	hũas	0	4	1	hũa	hũas	u	batch_review_unverified
bnf-f0224	c2-l020	1	embarcação	2	12	8	ção	embarcação	a	batch_review_unverified
bnf-f0224	c2-l025	1	barcação	0	8	6	ção	barcação	a	batch_review_unverified
bnf-f0224	c2-l027	1	ção	0	3	1	ção	ção	a	batch_review_unverified
bnf-f0224	c2-l030	1	uernarão	0	8	6	rão	uernarão	a	batch_review_unverified
bnf-f0224	c2-l031	1	vinhão	14	20	4	hão	vinhão	a	batch_review_unverified
bnf-f0224	c2-l033	1	embarcação	2	12	8	ção	embarcação	a	batch_review_unverified
bnf-f0224	c2-l034	1	embarcação	9	19	8	ção	embarcação	a	batch_review_unverified
bnf-f0224	c2-l047	1	gũa	0	3	1	gũa	gũa	u	batch_review_unverified
bnf-f0225	c1-l003	1	algũa	6	11	3	gũa	algũa	u	batch_review_unverified
bnf-f0225	c1-l006	1	Não	22	25	1	Não	Não	a	batch_review_unverified
bnf-f0225	c1-l007	1	hũa	4	7	1	hũa	hũa	u	batch_review_unverified
bnf-f0225	c1-l010	1	dão	21	24	1	dão	dão	a	batch_review_unverified
bnf-f0225	c1-l019	1	quã	40	43	2	uã	quã	a	batch_review_unverified
bnf-f0225	c1-l022	1	Não	15	18	1	Não	Não	a	batch_review_unverified
bnf-f0225	c1-l029	1	lão	0	3	1	lão	lão	a	batch_review_unverified
bnf-f0225	c1-l034	1	algũa	13	18	3	gũa	algũa	u	batch_review_unverified
bnf-f0225	c1-l034	2	multidão	19	27	6	dão	multidão	a	batch_review_unverified
bnf-f0225	c1-l036	1	hũa	13	16	1	hũa	hũa	u	batch_review_unverified
bnf-f0225	c1-l040	1	Perturbação	27	38	9	ção	Perturbação	a	batch_review_unverified
bnf-f0225	c1-l042	1	perturbação	19	30	9	ção	perturbação	a	batch_review_unverified
bnf-f0225	c1-l047	1	algũa	31	36	3	gũa	algũa	u	batch_review_unverified
bnf-f0225	c2-l003	1	algũa	9	14	3	gũa	algũa	u	batch_review_unverified
bnf-f0225	c2-l006	1	ção	0	3	1	ção	ção	a	batch_review_unverified
bnf-f0225	c2-l016	1	Feição	27	33	4	ção	Feição	a	batch_review_unverified
bnf-f0225	c2-l018	1	Não	21	24	1	Não	Não	a	batch_review_unverified
bnf-f0225	c2-l018	2	Não	35	38	1	Não	Não	a	batch_review_unverified
bnf-f0225	c2-l019	1	não	17	20	1	não	não	a	batch_review_unverified
bnf-f0225	c2-l021	1	não	2	5	1	não	não	a	batch_review_unverified
bnf-f0225	c2-l022	1	Não	13	16	1	Não	Não	a	batch_review_unverified
bnf-f0225	c2-l027	1	dalgũa	5	11	4	gũa	dalgũa	u	batch_review_unverified
bnf-f0225	c2-l031	1	deleitação	4	14	8	ção	deleitação	a	batch_review_unverified
bnf-f0225	c2-l035	1	dalgũa	23	29	4	gũa	dalgũa	u	batch_review_unverified
bnf-f0225	c2-l036	1	bojão	17	22	3	jão	bojão	a	batch_review_unverified
bnf-f0225	c2-l040	1	dalgũa	12	18	4	gũa	dalgũa	u	batch_review_unverified
bnf-f0225	c2-l041	1	Hũa	6	9	1	Hũa	Hũa	u	batch_review_unverified
bnf-f0226	c1-l014	1	gũa	0	3	1	gũa	gũa	u	batch_review_unverified
bnf-f0226	c1-l023	1	fundição	30	38	6	ção	fundição	a	batch_review_unverified
bnf-f0226	c1-l025	1	algũa	3	8	3	gũa	algũa	u	batch_review_unverified
bnf-f0226	c1-l028	1	algũa	38	43	3	gũa	algũa	u	batch_review_unverified
bnf-f0226	c1-l032	1	algũa	36	41	3	gũa	algũa	u	batch_review_unverified
bnf-f0226	c1-l035	1	algũa	36	41	3	gũa	algũa	u	batch_review_unverified
bnf-f0226	c1-l037	1	algũa	37	42	3	gũa	algũa	u	batch_review_unverified
bnf-f0226	c1-l045	1	gũa	0	3	1	gũa	gũa	u	batch_review_unverified
bnf-f0226	c2-l002	1	algũa	12	17	3	gũa	algũa	u	batch_review_unverified
bnf-f0226	c2-l003	1	algũa	36	41	3	gũa	algũa	u	batch_review_unverified
bnf-f0226	c2-l010	1	algũa	0	5	3	gũa	algũa	u	batch_review_unverified
bnf-f0226	c2-l011	1	não	5	8	1	não	não	a	batch_review_unverified
bnf-f0226	c2-l019	1	algũa	15	20	3	gũa	algũa	u	batch_review_unverified
bnf-f0226	c2-l023	1	embarcação	0	10	8	ção	embarcação	a	batch_review_unverified
bnf-f0226	c2-l032	1	gũa	0	3	1	gũa	gũa	u	batch_review_unverified
bnf-f0226	c2-l036	1	gũa	0	3	1	gũa	gũa	u	batch_review_unverified
bnf-f0226	c2-l038	1	não	40	43	1	não	não	a	batch_review_unverified
bnf-f0226	c2-l041	1	algũa	0	5	3	gũa	algũa	u	batch_review_unverified
bnf-f0226	c2-l044	1	dalgũa	14	20	4	gũa	dalgũa	u	batch_review_unverified
bnf-f0227	c1-l003	1	caldeirão	12	21	7	rão	caldeirão	a	batch_review_unverified
bnf-f0227	c1-l006	1	Não	0	3	1	Não	Não	a	batch_review_unverified
bnf-f0227	c1-l008	1	Não	16	19	1	Não	Não	a	batch_review_unverified
bnf-f0227	c1-l008	2	communicação	25	37	10	ção	communicação	a	batch_review_unverified
bnf-f0227	c1-l010	1	não	30	33	1	não	não	a	batch_review_unverified
bnf-f0227	c1-l012	1	dão	23	26	1	dão	dão	a	batch_review_unverified
bnf-f0227	c1-l018	1	Não	20	23	1	Não	Não	a	batch_review_unverified
bnf-f0227	c1-l018	2	hũa	32	35	1	hũa	hũa	u	batch_review_unverified
bnf-f0227	c1-l021	1	Lũa	26	29	1	Lũa	Lũa	u	batch_review_unverified
bnf-f0227	c1-l024	1	não	33	36	1	não	não	a	batch_review_unverified
bnf-f0227	c1-l042	1	mãos	31	35	1	mão	mãos	a	batch_review_unverified
bnf-f0227	c1-l044	1	não	25	28	1	não	não	a	batch_review_unverified
bnf-f0227	c1-l045	1	não	3	6	1	não	não	a	batch_review_unverified
bnf-f0227	c1-l045	2	Algũas	25	31	3	gũa	Algũas	u	batch_review_unverified
bnf-f0227	c1-l048	1	vilão	0	5	3	lão	vilão	a	batch_review_unverified
bnf-f0227	c2-l005	1	não	31	34	1	não	não	a	batch_review_unverified
bnf-f0227	c2-l010	1	Colchão	20	27	5	hão	Colchão	a	batch_review_unverified
bnf-f0227	c2-l015	1	reprendão	6	15	7	dão	reprendão	a	batch_review_unverified
bnf-f0227	c2-l023	1	não	39	42	1	não	não	a	batch_review_unverified
bnf-f0227	c2-l025	1	não	17	20	1	não	não	a	batch_review_unverified
bnf-f0227	c2-l026	1	não	16	19	1	não	não	a	batch_review_unverified
bnf-f0227	c2-l026	2	dão	20	23	1	dão	dão	a	batch_review_unverified
bnf-f0227	c2-l026	3	pagão	35	40	3	gão	pagão	a	batch_review_unverified
bnf-f0227	c2-l036	1	Não	18	21	1	Não	Não	a	batch_review_unverified
bnf-f0227	c2-l038	1	Deſunião	8	16	6	ião	Deſunião	a	batch_review_unverified
bnf-f0227	c2-l040	1	não	21	24	1	não	não	a	batch_review_unverified
bnf-f0227	c2-l040	2	miſturão	28	36	6	rão	miſturão	a	batch_review_unverified
bnf-f0227	c2-l042	1	não	16	19	1	não	não	a	batch_review_unverified
bnf-f0227	c2-l042	2	eſtão	20	25	3	tão	eſtão	a	batch_review_unverified
bnf-f0227	c2-l044	1	nuuẽs	28	33	3	uẽs	nuuẽs	e	batch_review_unverified
bnf-f0228	c1-l018	1	Hũa	8	11	1	Hũa	Hũa	u	batch_review_unverified
bnf-f0228	c1-l019	1	põe	16	19	1	põe	põe	o	batch_review_unverified
bnf-f0228	c1-l024	1	tentação	6	14	6	ção	tentação	a	batch_review_unverified
bnf-f0228	c1-l032	1	Não	18	21	1	Não	Não	a	batch_review_unverified
bnf-f0228	c1-l033	1	não	0	3	1	não	não	a	batch_review_unverified
bnf-f0228	c1-l037	1	Não	15	18	1	Não	Não	a	batch_review_unverified
bnf-f0228	c1-l038	1	Não	9	12	1	Não	Não	a	batch_review_unverified
bnf-f0228	c1-l038	2	hũa	26	29	1	hũa	hũa	u	batch_review_unverified
bnf-f0228	c1-l043	1	Não	14	17	1	Não	Não	a	batch_review_unverified
bnf-f0228	c1-l047	1	algũa	33	38	3	gũa	algũa	u	batch_review_unverified
bnf-f0228	c2-l002	1	Hũa	6	9	1	Hũa	Hũa	u	batch_review_unverified
bnf-f0228	c2-l013	1	apreſſão	17	25	6	ſão	apreſſão	a	batch_review_unverified
bnf-f0228	c2-l013	2	tardão	31	37	4	dão	tardão	a	batch_review_unverified
bnf-f0228	c2-l017	1	não	0	3	1	não	não	a	batch_review_unverified
bnf-f0228	c2-l020	1	hũa	34	37	1	hũa	hũa	u	batch_review_unverified
bnf-f0228	c2-l024	1	Não	9	12	1	Não	Não	a	batch_review_unverified
bnf-f0228	c2-l025	1	Não	18	21	1	Não	Não	a	batch_review_unverified
bnf-f0228	c2-l037	1	algũa	29	34	3	gũa	algũa	u	batch_review_unverified
bnf-f0228	c2-l039	1	algũa	14	19	3	gũa	algũa	u	batch_review_unverified
bnf-f0228	c2-l040	1	algũa	15	20	3	gũa	algũa	u	batch_review_unverified
bnf-f0228	c2-l042	1	Indeuação	7	16	7	ção	Indeuação	a	batch_review_unverified
bnf-f0228	c2-l044	1	deuação	24	31	5	ção	deuação	a	batch_review_unverified
bnf-f0229	c1-l004	1	Não	16	19	1	Não	Não	a	batch_review_unverified
bnf-f0229	c1-l008	1	chão	31	35	2	hão	chão	a	batch_review_unverified
bnf-f0229	c1-l028	1	tornão	3	9	4	não	tornão	a	batch_review_unverified
bnf-f0229	c1-l029	1	Não	14	17	1	Não	Não	a	batch_review_unverified
bnf-f0229	c1-l030	1	Não	7	10	1	Não	Não	a	batch_review_unverified
bnf-f0229	c1-l031	1	não	32	35	1	não	não	a	batch_review_unverified
bnf-f0229	c1-l036	1	algũa	16	21	3	gũa	algũa	u	batch_review_unverified
bnf-f0229	c1-l037	1	Não	27	30	1	Não	Não	a	batch_review_unverified
bnf-f0229	c1-l038	1	Não	14	17	1	Não	Não	a	batch_review_unverified
bnf-f0229	c1-l040	1	não	13	16	1	não	não	a	batch_review_unverified
bnf-f0229	c2-l003	1	não	4	7	1	não	não	a	batch_review_unverified
bnf-f0229	c2-l003	2	concordão	8	17	7	dão	concordão	a	batch_review_unverified
bnf-f0229	c2-l004	1	algũa	4	9	3	gũa	algũa	u	batch_review_unverified
bnf-f0229	c2-l006	1	Não	16	19	1	Não	Não	a	batch_review_unverified
bnf-f0229	c2-l008	1	não	0	3	1	não	não	a	batch_review_unverified
bnf-f0229	c2-l009	1	tão	0	3	1	tão	tão	a	batch_review_unverified
bnf-f0229	c2-l015	1	Não	18	21	1	Não	Não	a	batch_review_unverified
bnf-f0229	c2-l033	1	algũa	30	35	3	gũa	algũa	u	batch_review_unverified
bnf-f0229	c2-l041	1	Não	14	17	1	Não	Não	a	batch_review_unverified
bnf-f0229	c2-l042	1	Não	8	11	1	Não	Não	a	batch_review_unverified
bnf-f0230	c1a-l001	1	nação	29	34	3	ção	nação	a	batch_review_unverified
bnf-f0230	c1a-l007	1	vſão	0	4	2	ſão	vſão	a	batch_review_unverified
bnf-f0230	c1a-l012	1	algũa	17	22	3	gũa	algũa	u	batch_review_unverified
bnf-f0230	c1a-l013	1	inuenção	24	32	6	ção	inuenção	a	batch_review_unverified
bnf-f0230	c1b-l011	1	ſaxiuõ	21	27	5	uõ	ſaxiuõ	o	batch_review_unverified
bnf-f0230	c1b-l020	1	opinião	33	40	5	ião	opinião	a	batch_review_unverified
bnf-f0230	c1b-l021	1	preſunção	28	37	7	ção	preſunção	a	batch_review_unverified
bnf-f0230	c1b-l023	1	algũa	33	38	3	gũa	algũa	u	batch_review_unverified
bnf-f0230	c1b-l026	1	opinião	28	35	5	ião	opinião	a	batch_review_unverified
bnf-f0230	c2-l001	1	algũa	17	22	3	gũa	algũa	u	batch_review_unverified
bnf-f0230	c2-l013	1	mão	0	3	1	mão	mão	a	batch_review_unverified
bnf-f0230	c2-l032	1	algũa	14	19	3	gũa	algũa	u	batch_review_unverified
bnf-f0230	c2-l040	1	algũa	21	26	3	gũa	algũa	u	batch_review_unverified
bnf-f0231	c1-l032	1	algũa	30	35	3	gũa	algũa	u	batch_review_unverified
bnf-f0231	c1-l033	1	opinião	2	9	5	ião	opinião	a	batch_review_unverified
bnf-f0231	c1-l034	1	opinião	12	19	5	ião	opinião	a	batch_review_unverified
bnf-f0231	c1-l037	1	algũa	6	11	3	gũa	algũa	u	batch_review_unverified
bnf-f0231	c1-l040	1	algũa	29	34	3	gũa	algũa	u	batch_review_unverified
bnf-f0231	c1-l041	1	não	0	3	1	não	não	a	batch_review_unverified
bnf-f0231	c1-l044	1	algũa	32	37	3	gũa	algũa	u	batch_review_unverified
bnf-f0231	c2-l007	1	feição	14	20	4	ção	feição	a	batch_review_unverified
bnf-f0231	c2-l015	1	criã	42	46	3	iã	criã	a	batch_review_unverified
bnf-f0231	c2-l017	1	Preſunção	5	14	7	ção	Preſunção	a	batch_review_unverified
bnf-f0231	c2-l019	1	algũa	16	21	3	gũa	algũa	u	batch_review_unverified
bnf-f0231	c2-l021	1	Catarrão	26	34	6	rão	Catarrão	a	batch_review_unverified
bnf-f0231	c2-l031	1	Iũnigaichǔ	12	22	1	Iũn	Iũnigaichǔ	u	batch_review_unverified
bnf-f0231	c2-l037	1	Catarrão	7	15	6	rão	Catarrão	a	batch_review_unverified
bnf-f0231	c2-l038	1	catarrão	14	22	6	rão	catarrão	a	batch_review_unverified
bnf-f0231	c2-l040	1	Iapão	0	5	3	pão	Iapão	a	batch_review_unverified
bnf-f0231	c2-l045	1	Coração	23	30	5	ção	Coração	a	batch_review_unverified
bnf-f0231	cw-l001	1	coração	0	7	5	ção	coração	a	batch_review_unverified
bnf-f0232	c1-l001	1	coração	0	7	5	ção	coração	a	batch_review_unverified
bnf-f0232	c1-l006	1	maſtigão	16	24	6	gão	maſtigão	a	batch_review_unverified
bnf-f0232	c1-l009	1	Hũas	6	10	1	Hũa	Hũas	u	batch_review_unverified
bnf-f0232	c1-l013	1	Preſumpção	21	31	8	ção	Preſumpção	a	batch_review_unverified
bnf-f0232	c1-l017	1	dalgũa	16	22	4	gũa	dalgũa	u	batch_review_unverified
bnf-f0232	c1-l017	2	não	33	36	1	não	não	a	batch_review_unverified
bnf-f0232	c1-l025	1	Hũa	5	8	1	Hũa	Hũa	u	batch_review_unverified
bnf-f0232	c2-l004	1	Hũa	7	10	1	Hũa	Hũa	u	batch_review_unverified
bnf-f0232	c2-l019	1	coração	11	18	5	ção	coração	a	batch_review_unverified
bnf-f0232	c2-l029	1	ção	0	3	1	ção	ção	a	batch_review_unverified
bnf-f0233	c1-l004	1	Hũa	24	27	1	Hũa	Hũa	u	batch_review_unverified
bnf-f0233	c1-l011	1	eſtão	25	30	3	tão	eſtão	a	batch_review_unverified
bnf-f0233	c1-l012	1	opinião	8	15	5	ião	opinião	a	batch_review_unverified
bnf-f0233	c1-l019	1	tormẽtão	24	32	6	tão	tormẽtão	a	batch_review_unverified
bnf-f0233	c1-l021	1	feição	12	18	4	ção	feição	a	batch_review_unverified
bnf-f0233	c1-l023	1	ção	0	3	1	ção	ção	a	batch_review_unverified
bnf-f0233	c1-l024	1	conjunção	23	32	7	ção	conjunção	a	batch_review_unverified
bnf-f0233	c1-l035	1	algũa	28	33	3	gũa	algũa	u	batch_review_unverified
bnf-f0233	c1-l043	1	algũa	21	26	3	gũa	algũa	u	batch_review_unverified
bnf-f0233	c2-l011	1	ſião	0	4	2	ião	ſião	a	batch_review_unverified
bnf-f0233	c2-l011	2	não	16	19	1	não	não	a	batch_review_unverified
bnf-f0233	c2-l012	1	não	0	3	1	não	não	a	batch_review_unverified
bnf-f0233	c2-l015	1	coração	13	20	5	ção	coração	a	batch_review_unverified
bnf-f0233	c2-l019	1	algũa	24	29	3	gũa	algũa	u	batch_review_unverified
bnf-f0233	c2-l030	1	mãos	7	11	1	mão	mãos	a	batch_review_unverified
bnf-f0233	c2-l031	1	mãos	33	37	1	mão	mãos	a	batch_review_unverified
bnf-f0233	c2-l035	1	não	22	25	1	não	não	a	batch_review_unverified
bnf-f0233	c2-l035	2	combinão	26	34	6	não	combinão	a	batch_review_unverified
bnf-f0233	c2-l038	1	não	22	25	1	não	não	a	batch_review_unverified
bnf-f0233	c2-l038	2	combinão	26	34	6	não	combinão	a	batch_review_unverified
bnf-f0233	c2-l044	1	cõpoſição	12	21	7	ção	cõpoſição	a	batch_review_unverified
bnf-f0233	c2-l045	1	Hũa	5	8	1	Hũa	Hũa	u	batch_review_unverified
bnf-f0233	c2-l047	1	diãte	5	10	2	iãt	diãte	a	batch_review_unverified
bnf-f0233	c2-l047	2	dalgũa	37	43	4	gũa	dalgũa	u	batch_review_unverified
bnf-f0234	c1-l003	1	comparação	17	27	8	ção	comparação	a	batch_review_unverified
bnf-f0234	c1-l011	1	paração	0	7	5	ção	paração	a	batch_review_unverified
bnf-f0234	c1-l011	2	ſão	30	33	1	ſão	ſão	a	batch_review_unverified
bnf-f0234	c1-l018	1	não	18	21	1	não	não	a	batch_review_unverified
bnf-f0234	c1-l019	1	não	24	27	1	não	não	a	batch_review_unverified
bnf-f0234	c1-l034	1	compreẽſão	6	16	6	eẽſ	compreẽſão	e	batch_review_unverified
bnf-f0234	c1-l034	2	compreẽſão	6	16	8	ſão	compreẽſão	a	batch_review_unverified
bnf-f0234	c1-l034	3	não	23	26	1	não	não	a	batch_review_unverified
bnf-f0234	c1-l037	1	hũa	17	20	1	hũa	hũa	u	batch_review_unverified
bnf-f0234	c1-l040	1	não	0	3	1	não	não	a	batch_review_unverified
bnf-f0234	c1-l040	2	lũa	30	33	1	lũa	lũa	u	batch_review_unverified
bnf-f0234	c1-l043	1	Lũa	22	25	1	Lũa	Lũa	u	batch_review_unverified
bnf-f0234	c1-l047	1	Iapão	19	24	3	pão	Iapão	a	batch_review_unverified
bnf-f0234	c2-l009	1	xões	0	4	1	xõe	xões	o	batch_review_unverified
bnf-f0234	c2-l015	1	deprecações	7	18	8	çõe	deprecações	o	batch_review_unverified
bnf-f0234	c2-l018	1	Hũa	9	12	1	Hũa	Hũa	u	batch_review_unverified
bnf-f0234	c2-l022	1	eſcriuão	18	26	6	uão	eſcriuão	a	batch_review_unverified
bnf-f0234	c2-l023	1	eſcriuão	11	19	6	uão	eſcriuão	a	batch_review_unverified
bnf-f0234	c2-l024	1	criuão	0	6	4	uão	criuão	a	batch_review_unverified
bnf-f0234	c2-l025	1	ſuperſtições	32	44	9	çõe	ſuperſtições	o	batch_review_unverified
bnf-f0234	c2-l027	1	ſuperſtições	4	16	9	çõe	ſuperſtições	o	batch_review_unverified
bnf-f0234	c2-l036	1	algũa	12	17	3	gũa	algũa	u	batch_review_unverified
bnf-f0235	c1-l002	1	Iapão	0	5	3	pão	Iapão	a	batch_review_unverified
bnf-f0235	c1-l014	1	arrancão	0	8	6	cão	arrancão	a	batch_review_unverified
bnf-f0235	c1-l026	1	dalgũa	24	30	4	gũa	dalgũa	u	batch_review_unverified
bnf-f0235	c1-l030	1	deprecações	11	22	8	çõe	deprecações	o	batch_review_unverified
bnf-f0235	c1-l030	2	não	32	35	1	não	não	a	batch_review_unverified
bnf-f0235	c1-l039	1	petições	10	18	5	çõe	petições	o	batch_review_unverified
bnf-f0235	c1-l042	1	Guẽ	34	37	2	uẽ	Guẽ	e	batch_review_unverified
bnf-f0235	c1-l046	1	Guẽ	41	44	2	uẽ	Guẽ	e	batch_review_unverified
bnf-f0235	c2-l004	1	aparecerão	15	25	8	rão	aparecerão	a	batch_review_unverified
bnf-f0235	c2-l004	2	eſtão	30	35	3	tão	eſtão	a	batch_review_unverified
bnf-f0235	c2-l015	1	Hũa	22	25	1	Hũa	Hũa	u	batch_review_unverified
bnf-f0235	c2-l015	2	geração	26	33	5	ção	geração	a	batch_review_unverified
bnf-f0235	c2-l016	1	Iapão	17	22	3	pão	Iapão	a	batch_review_unverified
bnf-f0235	c2-l026	1	rezão	31	36	3	zão	rezão	a	batch_review_unverified
bnf-f0235	c2-l028	1	rezão	18	23	3	zão	rezão	a	batch_review_unverified
bnf-f0235	c2-l034	1	vão	29	32	1	vão	vão	a	batch_review_unverified
bnf-f0235	c2-l037	1	Iapões	18	24	3	põe	Iapões	o	batch_review_unverified
bnf-f0236	c1-l004	1	guẽqini	13	20	2	uẽq	guẽqini	e	batch_review_unverified
bnf-f0236	c1-l004	2	ſão	35	38	1	ſão	ſão	a	batch_review_unverified
bnf-f0236	c1-l011	1	vão	5	8	1	vão	vão	a	batch_review_unverified
bnf-f0236	c1-l023	1	Diminuição	24	34	8	ção	Diminuição	a	batch_review_unverified
bnf-f0236	c1-l027	1	Guẽtǒ	0	5	2	uẽt	Guẽtǒ	e	batch_review_unverified
bnf-f0236	c1-l029	1	proteição	19	28	7	ção	proteição	a	batch_review_unverified
bnf-f0236	c1-l035	1	Coração	0	7	5	ção	Coração	a	batch_review_unverified
bnf-f0236	c1-l038	1	Rezão	8	13	3	zão	Rezão	a	batch_review_unverified
bnf-f0236	c2-l014	1	çururgião	22	31	7	ião	çururgião	a	batch_review_unverified
bnf-f0236	c2-l015	1	Çururgião	10	19	7	ião	Çururgião	a	batch_review_unverified
bnf-f0236	c2-l018	1	perturbação	0	11	9	ção	perturbação	a	batch_review_unverified
bnf-f0236	c2-l025	1	bação	0	5	3	ção	bação	a	batch_review_unverified
bnf-f0236	c2-l026	1	perturbações	16	28	9	çõe	perturbações	o	batch_review_unverified
bnf-f0236	c2-l040	1	Iapão	3	8	3	pão	Iapão	a	batch_review_unverified
bnf-f0237	c1-l004	1	Iapão	38	43	3	pão	Iapão	a	batch_review_unverified
bnf-f0237	c1-l007	1	lũa	33	36	1	lũa	lũa	u	batch_review_unverified
bnf-f0237	c1-l009	1	lũa	3	6	1	lũa	lũa	u	batch_review_unverified
bnf-f0237	c1-l012	1	não	7	10	1	não	não	a	batch_review_unverified
bnf-f0237	c1-l019	1	verão	35	40	3	rão	verão	a	batch_review_unverified
bnf-f0237	c1-l020	1	lũa	31	34	1	lũa	lũa	u	batch_review_unverified
bnf-f0237	c1-l026	1	paixões	11	18	4	xõe	paixões	o	batch_review_unverified
bnf-f0237	c1-l026	2	meditações	25	35	7	çõe	meditações	o	batch_review_unverified
bnf-f0237	c1-l036	1	geração	23	30	5	ção	geração	a	batch_review_unverified
bnf-f0237	c1-l038	1	Eſfriarão	16	25	7	rão	Eſfriarão	a	batch_review_unverified
bnf-f0237	c1-l044	1	lũa	30	33	1	lũa	lũa	u	batch_review_unverified
bnf-f0237	c2-l012	1	moderação	0	9	7	ção	moderação	a	batch_review_unverified
bnf-f0237	c2-l030	1	Traição	30	37	5	ção	Traição	a	batch_review_unverified
bnf-f0237	c2-l031	1	traição	30	37	5	ção	traição	a	batch_review_unverified
bnf-f0237	c2-l033	1	ſezões	0	6	3	zõe	ſezões	o	batch_review_unverified
bnf-f0237	c2-l036	1	ſaluação	23	31	6	ção	ſaluação	a	batch_review_unverified
bnf-f0237	c2-l037	1	auão	0	4	2	uão	auão	a	batch_review_unverified
bnf-f0237	c2-l039	1	nicação	0	7	5	ção	nicação	a	batch_review_unverified
bnf-f0237	c2-l039	2	não	12	15	1	não	não	a	batch_review_unverified
bnf-f0237	c2-l039	3	não	35	38	1	não	não	a	batch_review_unverified
bnf-f0237	c2-l040	1	gũa	0	3	1	gũa	gũa	u	batch_review_unverified
bnf-f0237	c2-l040	2	occaſião	4	12	6	ião	occaſião	a	batch_review_unverified
bnf-f0237	c2-l042	1	algũa	7	12	3	gũa	algũa	u	batch_review_unverified
bnf-f0237	c2-l042	2	occaſião	13	21	6	ião	occaſião	a	batch_review_unverified
bnf-f0237	c2-l044	1	dalgũa	13	19	4	gũa	dalgũa	u	batch_review_unverified
bnf-f0237	c2-l047	1	terçãas	0	7	4	çãa	terçãas	a	batch_review_unverified
bnf-f0237	c2-l047	2	ſezões	12	18	3	zõe	ſezões	o	batch_review_unverified
bnf-f0248	c1-l004	1	ſaluação	3	11	6	ção	ſaluação	a	batch_review_unverified
bnf-f0248	c1-l009	1	ſaluação	10	18	6	ção	ſaluação	a	batch_review_unverified
bnf-f0248	c1-l022	1	Gǒyẽuo	13	19	3	yẽu	Gǒyẽuo	e	batch_review_unverified
bnf-f0248	c1-l024	1	algũa	29	34	3	gũa	algũa	u	batch_review_unverified
bnf-f0248	c1-l030	1	hũa	35	38	1	hũa	hũa	u	batch_review_unverified
bnf-f0248	c1-l032	1	algũa	0	5	3	gũa	algũa	u	batch_review_unverified
bnf-f0248	c1-l045	1	Coração	9	16	5	ção	Coração	a	batch_review_unverified
bnf-f0248	c1-l046	1	não	6	9	1	não	não	a	batch_review_unverified
bnf-f0248	c2a-l002	1	entrão	29	35	4	rão	entrão	a	batch_review_unverified
bnf-f0248	c2a-l010	1	dão	0	3	1	dão	dão	a	batch_review_unverified
bnf-f0248	c2b-l001	1	Não	13	16	1	Não	Não	a	batch_review_unverified
bnf-f0248	c2b-l001	2	não	34	37	1	não	não	a	batch_review_unverified
bnf-f0248	c2b-l003	1	algũa	7	12	3	gũa	algũa	u	batch_review_unverified
bnf-f0248	c2b-l003	2	ſão	26	29	1	ſão	ſão	a	batch_review_unverified
bnf-f0248	c2b-l004	1	algũa	0	5	3	gũa	algũa	u	batch_review_unverified
bnf-f0248	c2b-l004	2	eſquipação	6	16	8	ção	eſquipação	a	batch_review_unverified
bnf-f0248	c2b-l005	1	não	9	12	1	não	não	a	batch_review_unverified
bnf-f0248	c2b-l008	1	dũa	24	27	1	dũa	dũa	u	batch_review_unverified
bnf-f0248	c2b-l009	1	ção	0	3	1	ção	ção	a	batch_review_unverified
bnf-f0248	c2b-l009	2	não	5	8	1	não	não	a	batch_review_unverified
bnf-f0248	c2b-l025	1	golfão	26	32	4	fão	golfão	a	batch_review_unverified
bnf-f0249	c1-l014	1	Hũa	6	9	1	Hũa	Hũa	u	batch_review_unverified
bnf-f0249	c1-l016	1	Não	12	15	1	Não	Não	a	batch_review_unverified
bnf-f0249	c1-l016	2	não	37	40	1	não	não	a	batch_review_unverified
bnf-f0249	c1-l018	1	eſquadrão	26	35	7	rão	eſquadrão	a	batch_review_unverified
bnf-f0249	c1-l020	1	Hũa	13	16	1	Hũa	Hũa	u	batch_review_unverified
bnf-f0249	c1-l021	1	não	4	7	1	não	não	a	batch_review_unverified
bnf-f0249	c1-l021	2	não	24	27	1	não	não	a	batch_review_unverified
bnf-f0249	c1-l024	1	algũa	5	10	3	gũa	algũa	u	batch_review_unverified
bnf-f0249	c1-l047	1	dalgũa	29	35	4	gũa	dalgũa	u	batch_review_unverified
bnf-f0249	c2-l019	1	ladrão	22	28	4	rão	ladrão	a	batch_review_unverified
bnf-f0249	c2-l021	1	multidão	28	36	6	dão	multidão	a	batch_review_unverified
bnf-f0249	c2-l038	1	algũa	0	5	3	gũa	algũa	u	batch_review_unverified
bnf-f0249	c2-l045	1	voão	0	4	2	oão	voão	a	batch_review_unverified
bnf-f0250	c1-l015	1	hũa	35	38	1	hũa	hũa	u	batch_review_unverified
bnf-f0250	c1-l025	1	ladrões	0	7	4	rõe	ladrões	o	batch_review_unverified
bnf-f0250	c1-l026	1	golfão	29	35	4	fão	golfão	a	batch_review_unverified
bnf-f0250	c1-l027	1	Não	43	46	1	Não	Não	a	batch_review_unverified
bnf-f0250	c1-l035	1	algũa	10	15	3	gũa	algũa	u	batch_review_unverified
bnf-f0250	c1-l036	1	mão	18	21	1	mão	mão	a	batch_review_unverified
bnf-f0250	c2-l036	1	golfão	8	14	4	fão	golfão	a	batch_review_unverified
bnf-f0250	c2-l037	1	golfão	34	40	4	fão	golfão	a	batch_review_unverified
bnf-f0250	c2-l040	1	algũa	10	15	3	gũa	algũa	u	batch_review_unverified
bnf-f0250	c2-l046	1	Coração	24	31	5	ção	Coração	a	batch_review_unverified
bnf-f0643	c1-l013	1	Iapões	31	37	3	põe	Iapões	o	batch_review_unverified
bnf-f0643	c1-l017	1	vſão	4	8	2	ſão	vſão	a	batch_review_unverified
bnf-f0643	c2-l002	1	não	8	11	1	não	não	a	batch_review_unverified
bnf-f0643	c2-l003	1	algũa	30	35	3	gũa	algũa	u	batch_review_unverified
bnf-f0643	c2-l006	1	algũa	0	5	3	gũa	algũa	u	batch_review_unverified
bnf-f0643	c2-l014	1	gũa	0	3	1	gũa	gũa	u	batch_review_unverified
bnf-f0643	c2-l016	1	algũa	14	19	3	gũa	algũa	u	batch_review_unverified
bnf-f0643	c2-l018	1	algũas	0	6	3	gũa	algũas	u	batch_review_unverified
bnf-f0643	c2-l025	1	fechão	32	38	4	hão	fechão	a	batch_review_unverified
bnf-f0643	c2-l026	1	vão	38	41	1	vão	vão	a	batch_review_unverified
bnf-f0643	c2-l027	1	algũas	18	24	3	gũa	algũas	u	batch_review_unverified
